,time,open_price,high_price,low_price,close_price,volume,return
0,2015-12-12 08:00:00,420.0,420.0,420.0,420.0,0.0003038,0.0
1,2015-12-15 08:00:00,420.0,450.0,420.0,450.0,0.4015134,0.0714285714286
2,2015-12-16 08:00:00,450.0,470.0,450.0,451.0,0.07426694,0.00222222222222
3,2015-12-18 08:00:00,459.0,459.0,459.0,459.0,1.181e-05,0.0
4,2015-12-19 08:00:00,451.0,451.0,451.0,451.0,0.01020416,0.0
5,2015-12-20 08:00:00,450.0,450.0,450.0,450.0,0.01391923,0.0
6,2015-12-26 08:00:00,440.0,440.0,430.0,430.0,0.00449911,-0.0227272727273
7,2015-12-29 08:00:00,400.0,424.04466,325.61109999,424.04466,0.27524429,0.06011165
8,2015-12-30 08:00:00,424.8708214,430.71088659,424.8708214,429.09812,0.06513359,0.00994960912136
9,2016-01-01 08:00:00,430.23493666,430.23493666,430.23493666,430.23493666,0.00312923,0.0
10,2016-01-02 08:00:00,407.477515,407.477515,407.477515,407.477515,6.519e-05,0.0
11,2016-01-04 08:00:00,429.90785225,429.90785225,415.50942612,429.90785225,0.27508208,0.0
12,2016-01-05 08:00:00,404.71060653,411.94425,404.71060653,411.94425,0.01158113,0.0178736197008
13,2016-01-07 08:00:00,444.4,445.0,435.4995,435.4995,0.04204511,-0.0200281278128
14,2016-01-09 08:00:00,448.5,448.5,448.5,448.5,0.23733183,0.0
15,2016-01-10 08:00:00,449.36255899,449.36255899,441.51532134,442.97002703,0.15406953,-0.0142257778983
16,2016-01-11 08:00:00,446.85793704,450.69208889,446.80488834,446.80488834,0.0084527,-0.000118714910496
17,2016-01-12 08:00:00,441.9659306,442.85963802,441.89,441.89,1.06598486,-0.000171801930291
18,2016-01-13 08:00:00,433.8554,436.92328928,400.53,436.92328928,1.93084495,0.00707122529765
19,2016-01-14 08:00:00,432.65506369,432.65506369,428.53476603,428.53476603,0.21440495,-0.00952328542017
20,2016-01-15 08:00:00,426.65706617,428.13915154,362.93148389,374.04594286,3.49935265,-0.123310094878
21,2016-01-16 08:00:00,363.78973887,397.58603462,360.48471263,397.58603462,3.82263069,0.0929006295092
22,2016-01-17 08:00:00,360.0,365.0,360.0,365.0,0.00095,0.0138888888889
23,2016-01-18 08:00:00,370.0,393.0,370.0,393.0,0.03089718,0.0621621621622
24,2016-01-19 08:00:00,387.0,387.0,383.0,383.0,0.0013022,-0.0103359173127
25,2016-01-20 08:00:00,393.0,448.0,393.0,448.0,0.02464393,0.139949109415
26,2016-01-21 08:00:00,447.99999999,447.99999999,365.0,403.87658977,0.33566563,-0.0984897549576
27,2016-01-24 08:00:00,403.87658977,403.87658977,403.87658977,403.87658977,0.05010407,0.0
28,2016-01-27 08:00:00,400.88485844,401.66695186,398.4984882,398.4984882,0.26695585,-0.00595275723131
29,2016-01-28 08:00:00,388.73555797,388.73555797,367.98368492,376.4643154,0.22133267,-0.0315670700002
30,2016-01-29 08:00:00,375.0,388.47343667,372.16582968,372.16582968,0.02739073,-0.00755778752
31,2016-01-30 08:00:00,381.5,381.5,381.5,381.5,0.00057064,0.0
32,2016-01-31 08:00:00,371.0,371.0,371.0,371.0,0.00265931,0.0
33,2016-02-01 08:00:00,375.83446255,375.83446255,372.32981973,372.32981973,0.00011195,-0.00932496396478
34,2016-02-03 08:00:00,368.58,372.6560613,368.58,368.58,0.03323398,0.0
35,2016-02-04 08:00:00,364.00000001,387.05088515,360.49846112,387.05088515,1.00477206,0.0633266075257
36,2016-02-05 08:00:00,379.43432859,395.0,378.72367642,383.26340553,0.73695751,0.0100915406211
37,2016-02-06 08:00:00,370.5644101,379.490381,370.5644101,379.490381,0.16595331,0.0240875018127
38,2016-02-07 08:00:00,374.73015411,374.73015411,374.73015411,374.73015411,0.01142127,0.0
39,2016-02-08 08:00:00,374.73015411,376.0,366.9999997,376.0,0.46827011,0.00338869417385
40,2016-02-09 08:00:00,367.0,377.999359,367.0,377.99,0.33078789,0.0299455040872
41,2016-02-10 08:00:00,377.99,384.99999999,368.96,384.99999999,0.96913394,0.0185454641393
42,2016-02-11 08:00:00,370.80000001,384.95,369.78000001,384.95,0.18383951,0.0381607335211
43,2016-02-12 08:00:00,372.90000122,443.0,360.0999999,441.99999999,1.15024971,0.18530436724
44,2016-02-13 08:00:00,403.99999998,403.99999999,403.99999998,403.99999999,0.00017424,2.47524948845e-11
45,2016-02-14 08:00:00,381.0,381.0,381.0,381.0,0.03,0.0
46,2016-02-15 08:00:00,387.00000002,387.00000002,387.0,387.0,0.00398741,-5.16796275572e-11
47,2016-02-16 08:00:00,409.99999999,410.0,409.99999999,410.0,0.00010491,2.43902632514e-11
48,2016-02-17 08:00:00,410.0,421.999,388.013,421.999,0.19191064,0.0292658536585
49,2016-02-18 08:00:00,421.999,437.5,403.501,437.5,0.050368,0.0367323145316
50,2016-02-19 08:00:00,410.0,437.499999,399.584,437.499999,0.22821497,0.0670731682927
51,2016-02-20 08:00:00,436.997,436.997,435.0,436.84606,0.01796038,-0.000345402828852
52,2016-02-21 08:00:00,436.997,443.0,436.997,442.977,0.26747246,0.0136843044689
53,2016-02-22 08:00:00,442.977,443.0,442.977,443.0,0.29159424,5.19214315868e-05
54,2016-02-23 08:00:00,416.657,440.0,415.0,415.0,0.03099713,-0.0039768922639
55,2016-02-24 08:00:00,430.0,430.0,415.0,415.0,0.16886676,-0.0348837209302
56,2016-02-25 08:00:00,404.929,405.008,396.3,397.304,0.41439507,-0.0188304616365
57,2016-02-26 08:00:00,400.0,427.5,400.0,427.5,0.56006372,0.06875
58,2016-02-27 08:00:00,427.5,434.411,411.0,411.0,0.06687397,-0.0385964912281
59,2016-02-29 08:00:00,434.4,443.411,427.5,443.0,1.16134282,0.0197974217311
60,2016-03-01 08:00:00,428.0,433.51,428.0,433.2,0.16139396,0.0121495327103
61,2016-03-02 08:00:00,433.2,442.5,428.134,442.5,0.77648428,0.0214681440443
62,2016-03-03 08:00:00,425.0,430.0,406.0,406.0,0.4730905,-0.0447058823529
63,2016-03-04 08:00:00,406.0,428.0,405.55666,405.557,2.7099942,-0.00109113300493
64,2016-03-05 08:00:00,388.88888888,388.88888888,382.69,382.69,1.50320872,-0.0159399999775
65,2016-03-06 08:00:00,405.0,427.9,398.0,409.75,0.74540934,0.0117283950617
66,2016-03-07 08:00:00,405.0,410.0,405.0,410.0,0.06435845,0.0123456790123
67,2016-03-08 08:00:00,409.0,427.0,409.0,409.0,0.09985189,0.0
68,2016-03-09 08:00:00,397.0,412.5,397.0,412.5,0.00549341,0.0390428211587
69,2016-03-10 08:00:00,412.43327523,427.999,397.0,397.0,2.38566164,-0.0374200535139
70,2016-03-11 08:00:00,397.02,420.22,397.0,420.22,0.19355337,0.0584353433076
71,2016-03-12 08:00:00,414.81,414.81,397.09999,397.09999,0.09267351,-0.0426942696656
72,2016-03-13 08:00:00,415.46,415.46,397.09999,397.1,0.43770235,-0.044191979974
73,2016-03-14 08:00:00,415.46,418.12,415.46,418.12,0.07527722,0.00640254176094
74,2016-03-15 08:00:00,418.12,418.12,411.87,411.87,0.02149,-0.0149478618578
75,2016-03-16 08:00:00,411.87,411.87,411.87,411.87,0.00911095,0.0
76,2016-03-17 08:00:00,418.7,420.22,418.7,420.22,0.17535233,0.00363028421304
77,2016-03-18 08:00:00,427.888,427.888,410.39,410.39,0.12613231,-0.040893878772
78,2016-03-21 08:00:00,406.17,406.17,406.17,406.17,0.0195737,0.0
79,2016-03-22 08:00:00,406.17,414.37,406.17,414.37,0.10220784,0.0201885909841
80,2016-03-23 08:00:00,418.0,421.27,418.0,421.27,0.04046642,0.00782296650718
81,2016-03-24 08:00:00,412.99,412.99,412.99,412.99,0.06092793,0.0
82,2016-03-25 08:00:00,412.92,427.888,412.231,412.231,0.35594972,-0.00166860408796
83,2016-03-27 08:00:00,412.231,427.88799999,412.231,427.88799999,0.24311741,0.0379811319139
84,2016-03-28 08:00:00,419.2611,427.88799999,419.2611,419.2611,0.01211424,0.0
85,2016-03-29 08:00:00,419.262,419.262,419.2611,419.2611,0.09195266,-2.14662907681e-06
86,2016-03-30 08:00:00,417.5016825,417.578,414.975,417.578,0.35241137,0.00018279567053
87,2016-03-31 08:00:00,417.61041875,417.75961499,412.8752324,412.8752324,0.06199578,-0.0113387648809
88,2016-04-02 08:00:00,417.75961496,420.7789425,417.75961496,418.0,0.35147917,0.000575414739462
89,2016-04-03 08:00:00,418.0,418.0,418.0,418.0,0.03354739,0.0
90,2016-04-04 08:00:00,418.0,418.0,418.0,418.0,0.00166,0.0
91,2016-04-05 08:00:00,420.78652875,421.20630125,420.78652875,421.20630125,0.1844162,0.000997590158713
92,2016-04-06 08:00:00,421.2138875,424.016,421.2138875,423.575,0.09808166,0.00560549537911
93,2016-04-08 08:00:00,421.20630125,424.03951276,421.20630125,421.20630125,0.05187504,0.0
94,2016-04-09 08:00:00,420.206,420.206,416.78743422,416.78743422,2.42281573,-0.00813545208779
95,2016-04-10 08:00:00,416.08039862,416.08039862,416.08039862,416.08039862,0.0001,0.0
96,2016-04-12 08:00:00,424.44468356,427.36714532,424.44468356,427.36714532,0.21740952,0.00688537723099
97,2016-04-13 08:00:00,427.88799999,428.403,421.34286059,421.34286059,0.31860589,-0.0152963845683
98,2016-04-14 08:00:00,421.29010005,429.216,421.29010005,429.216,0.1820012,0.0188134018555
99,2016-04-15 08:00:00,428.616,435.0,415.611,430.0,1.26183667,0.00322899751759
100,2016-04-16 08:00:00,430.648,430.648,430.648,430.648,0.00280315,0.0
101,2016-04-17 08:00:00,430.99999,430.99999,430.99999,430.99999,0.59445731,0.0
102,2016-04-18 08:00:00,428.32387061,428.32387061,425.56728445,425.56728445,0.04178464,-0.00643575189044
103,2016-04-19 08:00:00,425.56728445,434.54777,425.56728445,434.54777,0.79502208,0.0211023870446
104,2016-04-20 08:00:00,434.54777,442.5,425.355,442.5,1.19135739,0.0183000133679
105,2016-04-21 08:00:00,453.27571,453.27571,425.355,425.355,0.08049665,-0.0615976311636
106,2016-04-22 08:00:00,443.8751271,443.8751271,443.875,443.875,0.22883445,-2.86341793505e-07
107,2016-04-23 08:00:00,444.875,469.0,443.65,469.0,0.01767983,0.0542287159314
108,2016-04-24 08:00:00,469.0,469.0,443.65,443.65,0.03935318,-0.0540511727079
109,2016-04-25 08:00:00,443.65,470.0,443.65,470.0,0.18037338,0.0593936661783
110,2016-04-26 08:00:00,470.0,487.319,470.0,487.319,0.08870441,0.0368489361702
111,2016-04-27 08:00:00,470.001,470.001,445.0,445.0,0.05131826,-0.0531935038436
112,2016-04-28 08:00:00,445.0,461.231,432.0,461.231,0.83788906,0.0364741573034
113,2016-04-30 08:00:00,447.5,460.0,440.0,440.0,0.33324896,-0.0167597765363
114,2016-05-01 08:00:00,441.0,441.0,441.0,441.0,0.00095,0.0
115,2016-05-02 08:00:00,440.0,440.0,432.0,432.0,0.0555743,-0.0181818181818
116,2016-05-03 08:00:00,428.0,428.0,425.35,425.35000001,0.13054436,-0.00619158876168
117,2016-05-04 08:00:00,425.35000001,457.0,425.35000001,428.35,0.11384625,0.00705301514031
118,2016-05-06 08:00:00,455.0,459.0,424.316,424.316,0.6556673,-0.0674373626374
119,2016-05-07 08:00:00,469.231,469.231,469.231,469.231,0.23373621,0.0
120,2016-05-08 08:00:00,468.723,468.723,468.723,468.723,0.02979372,0.0
121,2016-05-09 08:00:00,433.5,463.723,433.5,463.723,0.00054888,0.0697185697809
122,2016-05-10 08:00:00,463.723,468.723,462.668,462.668,0.02775125,-0.00227506507117
123,2016-05-11 08:00:00,462.66906384,462.66906384,433.5,435.5,0.02551397,-0.0587224562077
124,2016-05-12 08:00:00,451.0,454.0,451.0,454.0,0.0427,0.00665188470067
125,2016-05-13 08:00:00,468.723,468.723,452.0,468.723,0.03664655,0.0
126,2016-05-16 08:00:00,465.5,465.5,452.0,465.5,0.03407654,0.0
127,2016-05-17 08:00:00,452.0,452.0,451.5,451.5,0.12203494,-0.00110619469027
128,2016-05-18 08:00:00,462.0,462.0,440.65,462.0,0.60226197,0.0
129,2016-05-19 08:00:00,455.0,455.0,455.0,455.0,0.03030947,0.0
130,2016-05-20 08:00:00,460.0,460.0,430.0,430.0,0.12356979,-0.0652173913043
131,2016-05-21 08:00:00,460.0,460.0,424.111,424.5,0.76321051,-0.0771739130435
132,2016-05-22 08:00:00,424.8,424.8,423.3,423.3,0.0415399,-0.00353107344633
133,2016-05-24 08:00:00,421.0,421.0,421.0,421.0,0.0845,0.0
134,2016-05-25 08:00:00,458.0,458.0,458.0,458.0,0.00042,0.0
135,2016-05-26 08:00:00,421.0,455.0,421.0,455.0,1.501e-05,0.0807600950119
136,2016-05-27 08:00:00,455.0,471.0,455.0,470.0,2.02499892,0.032967032967
137,2016-05-28 08:00:00,484.98999999,516.0,471.0,471.0,1.39104625,-0.0288459555667
138,2016-05-29 08:00:00,510.0,540.0,500.0,520.08000001,0.20208216,0.019764705902
139,2016-05-30 08:00:00,536.6,536.6,536.6,536.6,0.02812751,0.0
140,2016-05-31 08:00:00,549.79999934,549.79999934,539.0,539.0,0.01064313,-0.0196435055529
141,2016-06-01 08:00:00,530.0,538.9,530.0,538.9,0.16353731,0.0167924528302
142,2016-06-02 08:00:00,500.80000001,538.9,500.80000001,500.80000001,0.01404041,0.0
143,2016-06-03 08:00:00,501.16,588.08,501.10000001,588.07799997,0.77667684,0.173433633909
144,2016-06-04 08:00:00,571.9999999,579.6,510.0100002,515.00100001,1.4920032,-0.0996486012237
145,2016-06-05 08:00:00,603.91199983,603.91199983,603.91199963,603.91199963,0.00063228,-3.311741529e-10
146,2016-06-06 08:00:00,608.67199999,608.672,524.00000005,598.99999995,0.01347667,-0.0158903318046
147,2016-06-07 08:00:00,598.99999994,598.99999994,597.97999999,597.98,0.00118563,-0.00170283796344
148,2016-06-08 08:00:00,595.99999989,595.9999999,595.99999989,595.9999999,0.01129486,1.67785368031e-11
149,2016-06-10 08:00:00,550.101,550.101,550.101,550.101,0.00901981,0.0
150,2016-06-11 08:00:00,579.99999952,597.9,579.99999952,597.9,0.09404125,0.0308620698186
151,2016-06-12 08:00:00,597.9,645.0,571.00000206,645.0,1.17442169,0.0787757150025
152,2016-06-13 08:00:00,644.61,697.98999999,634.00000045,690.11600002,4.98303668,0.0705946231365
153,2016-06-14 08:00:00,697.116,697.116,601.0,671.119,3.94749299,-0.0372922153558
154,2016-06-15 08:00:00,667.00000001,675.119,666.99,675.119,4.51650056,0.0121724137779
155,2016-06-16 08:00:00,675.119,774.94,675.119,770.16000017,3.03350664,0.140776663329
156,2016-06-17 08:00:00,773.13,773.13,644.93999999,755.0,5.08041077,-0.0234501312845
157,2016-06-18 08:00:00,730.0,770.013,730.0,735.0,3.5360476,0.00684931506849
158,2016-06-19 08:00:00,768.003,770.013,745.0,745.0,1.22533277,-0.0299517059178
159,2016-06-20 08:00:00,746.0,746.0,725.0,725.0,1.39852448,-0.0281501340483
160,2016-06-21 08:00:00,725.0,725.0,640.80749999,640.80749999,6.06487073,-0.116127586221
161,2016-06-22 08:00:00,677.76999951,686.89248001,611.0,611.0,2.15231673,-0.0985142445937
162,2016-06-23 08:00:00,571.00000205,620.5979999,564.44,620.5979999,0.89109422,0.0868616421575
163,2016-06-24 08:00:00,655.99999999,667.64,631.89200001,658.89200001,1.30233315,0.00440853661592
164,2016-06-25 08:00:00,695.829,712.999,630.01,630.01,0.91259325,-0.094590768709
165,2016-06-26 08:00:00,640.0,640.0,623.0,623.0,0.21147809,-0.0265625
166,2016-06-27 08:00:00,625.0,625.0,625.0,625.0,0.00227,0.0
167,2016-06-28 08:00:00,625.00000002,660.0,625.00000002,660.0,0.97008677,0.0559999999662
168,2016-06-29 08:00:00,628.00000001,663.187,625.0,637.564,0.35728312,0.0152292993469
169,2016-06-30 08:00:00,647.56399997,675.0,635.225,670.0,0.7091702,0.0346467685527
170,2016-07-01 08:00:00,678.9,679.0,650.668,650.668,0.15282976,-0.0415849167771
171,2016-07-02 08:00:00,660.0,696.0,660.0,696.0,0.32609642,0.0545454545455
172,2016-07-03 08:00:00,685.0,685.0,660.0,660.0,0.7745769,-0.036496350365
173,2016-07-04 08:00:00,666.0,666.0,666.0,666.0,0.00139809,0.0
174,2016-07-05 08:00:00,666.0,666.0,650.0,650.0,0.08366529,-0.024024024024
175,2016-07-06 08:00:00,650.0,650.0,650.0,650.0,0.00331322,0.0
176,2016-07-07 08:00:00,677.99,677.99,610.0,630.0,1.5588346,-0.0707827549079
177,2016-07-08 08:00:00,640.0,659.88888889,640.0,659.88888889,5.36927478,0.0310763888906
178,2016-07-09 08:00:00,659.88888889,660.03641978,625.90499999,630.0,0.35745422,-0.0452938205101
179,2016-07-10 08:00:00,665.69999749,665.6999975,665.6999948,665.6999948,0.07783817,-4.04085922191e-09
180,2016-07-12 08:00:00,630.7,666.0,630.7,666.0,0.2548429,0.0559695576344
181,2016-07-13 08:00:00,666.0,669.99999662,661.56171499,669.99999662,0.60406477,0.00600600093093
182,2016-07-14 08:00:00,630.71000011,669.9999966,630.71000011,669.9999966,0.20619689,0.0622948684548
183,2016-07-15 08:00:00,669.99999658,669.99999658,633.006,633.006,0.00017144,-0.0552149205505
184,2016-07-16 08:00:00,634.51002025,666.0,634.51002025,666.0,0.01764372,0.0496288139588
185,2016-07-17 08:00:00,677.99,687.99,668.99,687.99,0.04869911,0.0147494800808
186,2016-07-18 08:00:00,684.0,684.0,649.33333351,683.99999998,0.52977403,-2.92397892773e-11
187,2016-07-19 08:00:00,682.99999999,683.49999999,649.33334562,667.4,0.19622107,-0.0228404099418
188,2016-07-20 08:00:00,667.4,682.99999999,667.4,682.97999999,0.19265749,0.0233443212316
189,2016-07-21 08:00:00,654.05200783,679.99999999,654.05200783,654.05202397,0.13240208,2.46769368146e-08
190,2016-07-22 08:00:00,654.05203545,679.98999999,647.333,647.333,1.37432762,-0.0102729371454
191,2016-07-23 08:00:00,634.9,678.99,634.9,646.32373,0.0624018,0.0179929595212
192,2016-07-24 08:00:00,636.01,678.97999998,636.0,678.97999998,0.10386532,0.0675618307574
193,2016-07-25 08:00:00,636.00000001,637.00000057,636.00000001,637.00000057,0.01164688,0.0015723279245
194,2016-07-26 08:00:00,665.98999971,665.98999971,638.00000102,649.607,2.15530162,-0.0245994680358
195,2016-07-27 08:00:00,640.0,640.0,640.0,640.0,0.00148532,0.0
196,2016-07-28 08:00:00,641.15787112,641.15787112,641.15787112,641.15787112,0.00447111,0.0
197,2016-07-29 08:00:00,642.0,643.00000043,642.0,643.00000043,0.01052089,0.00155763306854
198,2016-07-31 08:00:00,639.00000078,651.78000064,623.33333333,623.33333333,8.1776103,-0.0245174764176
199,2016-08-01 08:00:00,615.71000005,630.98999972,608.186,608.186,4.16735251,-0.0122200387348
200,2016-08-02 08:00:00,608.186,612.99999934,471.0,525.63499999,8.70096326,-0.135733147442
201,2016-08-03 08:00:00,525.0,579.111,515.32200001,563.128,7.3953236,0.0726247619048
202,2016-08-04 08:00:00,568.128,595.74999999,568.128,595.74999999,2.65980821,0.0486193252049
203,2016-08-05 08:00:00,595.73,595.73,540.14100002,569.0,2.15617377,-0.044869319994
204,2016-08-06 08:00:00,584.99,585.0,540.151,585.0,5.2233032,1.70943093044e-05
205,2016-08-07 08:00:00,595.73999999,621.0,590.0,617.56199999,3.88782485,0.0366300735226
206,2016-08-09 08:00:00,582.01,620.0,582.01,600.0,0.92209534,0.0309101218192
207,2016-08-10 08:00:00,600.0,615.9002,594.0,594.0,0.76517055,-0.01
208,2016-08-11 08:00:00,594.0,600.0,594.0,594.54722146,0.05479585,0.000921248249158
209,2016-08-13 08:00:00,587.28551,593.99999992,587.28551,593.99999992,0.00478,0.0114330931134
210,2016-08-14 08:00:00,593.99999999,593.99999999,564.00000002,564.00000002,1.49107119,-0.0505050504554
211,2016-08-15 08:00:00,565.00000004,580.0,558.964,558.964,2.48827321,-0.0106831859107
212,2016-08-16 08:00:00,583.151,585.141,583.151,585.141,0.00202915,0.00341249521993
213,2016-08-18 08:00:00,584.5,609.99,584.5,609.99,0.61202953,0.0436099230111
214,2016-08-19 08:00:00,565.792,570.55,565.792,570.55,0.00143199,0.00840945082292
215,2016-08-20 08:00:00,570.55,571.0,570.55,571.0,0.04694271,0.000788712645693
216,2016-08-21 08:00:00,571.0,575.0,570.552,570.552,0.1015929,-0.000784588441331
217,2016-08-22 08:00:00,609.988,609.99,602.0,609.0,0.10980149,-0.00161970399418
218,2016-08-23 08:00:00,577.782,581.1934705,570.552,572.052,0.20060497,-0.0099172352202
219,2016-08-24 08:00:00,588.0,588.0,570.55,570.55,0.27710004,-0.0296768707483
220,2016-08-25 08:00:00,570.55,570.55,570.55,570.55,0.30609931,0.0
221,2016-08-26 08:00:00,586.0,586.0,586.0,586.0,0.00084907,0.0
222,2016-08-27 08:00:00,572.0,587.95,567.868,567.868,1.87991054,-0.00722377622378
223,2016-08-28 08:00:00,568.0,587.9,567.868,567.968,0.66463166,-5.63380281691e-05
224,2016-08-30 08:00:00,600.889,608.88887999,567.97,608.88887999,0.08170692,0.0133134072849
225,2016-08-31 08:00:00,568.0,608.88799999,568.0,608.88799999,0.02358421,0.0719859154754
226,2016-09-01 08:00:00,608.5,608.5,568.0,588.39139794,0.01472494,-0.0330461825144
227,2016-09-02 08:00:00,588.39139794,588.39139794,588.39139794,588.39139794,0.00257694,0.0
228,2016-09-03 08:00:00,587.9,609.9,587.9,605.0,0.86482776,0.0290865793502
229,2016-09-04 08:00:00,605.0,618.0,605.0,618.0,0.14124343,0.0214876033058
230,2016-09-05 08:00:00,618.0,622.516,600.0,602.0,1.91447487,-0.0258899676375
231,2016-09-06 08:00:00,602.0,612.0,602.0,612.0,1.98960303,0.0166112956811
232,2016-09-08 08:00:00,621.516,630.99,621.516,630.99,0.7295797,0.0152433726565
233,2016-09-09 08:00:00,630.99019404,631.17602226,630.99019404,631.17602226,0.00545809,0.000294502548146
234,2016-09-10 08:00:00,611.862,635.0,611.862,635.0,0.09774165,0.0378157166158
235,2016-09-11 08:00:00,611.913,611.913,604.165,606.087,0.44522242,-0.00952096131313
236,2016-09-12 08:00:00,600.381,600.381,600.381,600.381,0.0048324,0.0
237,2016-09-13 08:00:00,600.381,622.0,600.381,600.381,0.97031346,0.0
238,2016-09-14 08:00:00,600.381,635.0,600.38000824,635.0,0.01418857,0.0576617181423
239,2016-09-15 08:00:00,600.38,625.0,600.38,625.0,0.00284964,0.0410073620041
240,2016-09-17 08:00:00,622.0,622.0,622.0,622.0,0.0032931,0.0
241,2016-09-19 08:00:00,606.0,606.0,606.0,606.0,0.00224746,0.0
242,2016-09-20 08:00:00,600.7,634.889,600.50000001,632.99,2.5613655,0.0537539537207
243,2016-09-21 08:00:00,600.5,600.5,595.252,599.0,1.5153017,-0.00249791840133
244,2016-09-22 08:00:00,595.255,599.0,595.2,599.0,0.262,0.00629142132363
245,2016-09-23 08:00:00,599.0,599.0,599.0,599.0,0.89238089,0.0
246,2016-09-24 08:00:00,601.0,601.0,601.0,601.0,1.406341,0.0
247,2016-09-25 08:00:00,595.2,601.0,593.031,600.0,0.06936398,0.00806451612903
248,2016-09-26 08:00:00,601.0,619.9999949,593.031,619.9999949,0.0717383,0.0316139682196
249,2016-09-27 08:00:00,593.031,619.99971167,593.031,619.99963958,1.01106033,0.0454759356256
250,2016-09-28 08:00:00,600.00000003,631.58594204,593.0,627.97997072,0.02408643,0.046633284481
251,2016-09-29 08:00:00,593.0,626.9956666,593.0,610.0,0.00089697,0.0286677908938
252,2016-10-01 08:00:00,623.99976792,623.99976792,623.663,623.663,0.20957254,-0.000539692380211
253,2016-10-02 08:00:00,600.66298666,613.663,593.0,613.663,0.00728478,0.0216427741158
254,2016-10-03 08:00:00,610.372,617.42430565,593.0,593.0,0.42829354,-0.028461331778
255,2016-10-04 08:00:00,593.0,617.0,592.97355821,617.0,0.34287594,0.0404721753794
256,2016-10-05 08:00:00,595.18418057,616.99980806,595.18418057,616.99975227,1.70120066,0.0366534804052
257,2016-10-06 08:00:00,595.20044853,595.20044853,595.20044853,595.20044853,1e-05,0.0
258,2016-10-07 08:00:00,616.592,618.0,596.20017061,596.20017061,0.31499381,-0.0330718358169
259,2016-10-08 08:00:00,616.23634176,623.66598365,597.20000941,597.20000941,0.02955409,-0.0308912848204
260,2016-10-09 08:00:00,620.0,620.0,613.51755601,613.51755601,0.41882457,-0.0104555548226
261,2016-10-10 08:00:00,622.9998252,622.9998252,612.58001257,622.30972257,0.35975221,-0.0011077091872
262,2016-10-11 08:00:00,622.5,639.358,614.00003417,639.358,0.67013168,0.027081124498
263,2016-10-12 08:00:00,639.358,647.87991052,639.358,646.99949725,0.02117317,0.0119518286312
264,2016-10-13 08:00:00,620.0,620.0,620.0,620.0,8.11e-06,0.0
265,2016-10-14 08:00:00,645.99897278,645.99897278,645.99897278,645.99897278,0.10278018,0.0
266,2016-10-17 08:00:00,638.75,640.0,638.0,640.0,6.61857456,0.00195694716243
267,2016-10-18 08:00:00,621.001,640.0,621.001,636.0,0.55156423,0.0241529401724
268,2016-10-19 08:00:00,639.0,641.97979088,625.0,625.0,2.04245185,-0.0219092331768
269,2016-10-20 08:00:00,635.0,635.0,635.0,635.0,0.01,0.0
270,2016-10-21 08:00:00,625.0,633.0,625.0,633.0,0.00124419,0.0128
271,2016-10-22 08:00:00,635.0,665.398,629.2221123,665.398,1.58659645,0.0478708661417
272,2016-10-23 08:00:00,664.5,665.0,647.75800003,662.778,1.02721985,-0.0025914221219
273,2016-10-24 08:00:00,652.911011,662.76196843,652.911011,661.7547132,0.84336214,0.0135450345468
274,2016-10-25 08:00:00,661.75468122,663.0,654.75,663.0,3.47062473,0.00188184355221
275,2016-10-26 08:00:00,665.0,675.05,654.75014571,654.75014571,1.13329266,-0.0154133147218
276,2016-10-27 08:00:00,679.0,694.0,676.18046196,685.0,1.81247823,0.00883652430044
277,2016-10-28 08:00:00,685.0,698.99986929,680.0,680.0,0.28787458,-0.00729927007299
278,2016-10-29 08:00:00,699.0,724.99990175,693.96100028,722.909,12.94950521,0.0342045779685
279,2016-10-30 08:00:00,702.02,717.21199988,695.00000002,695.00000002,0.34941244,-0.00999971507934
280,2016-10-31 08:00:00,700.00100001,700.00100001,688.00014532,700.0,1.25349264,-1.42858367341e-06
281,2016-11-01 08:00:00,710.687,746.99999835,710.687,742.658,1.50812731,0.0449860487106
282,2016-11-02 08:00:00,742.658,742.65800001,718.00000001,730.0,3.15623238,-0.0170441845372
283,2016-11-03 08:00:00,748.86,748.86,678.96700026,678.96700026,9.03254236,-0.0933325317683
284,2016-11-04 08:00:00,701.184,701.184,678.96727015,678.96727015,0.01648421,-0.0316845932737
285,2016-11-05 08:00:00,707.67999999,715.23696766,707.67999999,715.23696766,0.03944995,0.0106785095949
286,2016-11-06 08:00:00,703.0,718.81999799,686.76331039,710.0,1.83923418,0.0099573257468
287,2016-11-07 08:00:00,699.0,714.46198365,689.51400001,705.0,1.31447671,0.00858369098712
288,2016-11-08 08:00:00,702.84262999,702.84263,702.84262999,702.84263,0.00187476,1.42279473472e-11
289,2016-11-09 08:00:00,715.0,747.89997051,705.042,705.042,3.87528374,-0.0139272727273
290,2016-11-10 08:00:00,707.0,707.0,707.0,707.0,0.2,0.0
291,2016-11-11 08:00:00,713.0,713.0,713.0,713.0,4.459e-05,0.0
292,2016-11-12 08:00:00,713.0,731.19953924,704.042,731.19898901,1.0250725,0.0255245287658
293,2016-11-13 08:00:00,708.0,709.99994868,678.96700001,680.96700001,1.57695381,-0.0381822033757
294,2016-11-14 08:00:00,709.99997566,709.99997566,709.99997541,709.99997541,0.01496734,-3.52112647208e-10
295,2016-11-15 08:00:00,709.5,715.65158597,709.5,715.65158597,0.26809914,0.00867031144468
296,2016-11-16 08:00:00,718.0,748.094,716.429,741.89,7.0868545,0.0332729805014
297,2016-11-17 08:00:00,741.89,760.0,740.0,749.99999996,3.36010106,0.0109315396622
298,2016-11-18 08:00:00,748.5,749.99999996,748.5,749.99999996,2.06268829,0.00200400796259
299,2016-11-19 08:00:00,749.0,755.0,733.14051,755.0,0.03199991,0.00801068090788
300,2016-11-20 08:00:00,738.0,738.0,720.0,720.0,1.1401683,-0.0243902439024
301,2016-11-21 08:00:00,746.33994625,746.33994625,717.06100001,717.06100001,0.07333961,-0.0392300403953
302,2016-11-22 08:00:00,746.33999599,752.737371,740.0,752.737371,2.26965646,0.00857166310847
303,2016-11-23 08:00:00,748.0,748.0,732.14108779,746.889,0.78643814,-0.00148529411765
304,2016-11-24 08:00:00,741.0,741.0,732.141,732.141,0.33227521,-0.011955465587
305,2016-11-25 08:00:00,741.0,747.99990329,727.02423258,730.0,4.04487816,-0.0148448043185
306,2016-11-26 08:00:00,727.02511637,747.99995209,727.02511637,736.0,1.3275856,0.0123446679185
307,2016-11-27 08:00:00,730.0,732.5,727.02511649,727.02513472,1.8207444,-0.00407515791781
308,2016-11-28 08:00:00,735.09999996,735.09999996,727.027,727.027,0.41488499,-0.0109821792415
309,2016-11-29 08:00:00,732.0,736.9999887,731.2,736.9999887,0.90615611,0.00683058565574
310,2016-11-30 08:00:00,736.99991918,744.20000001,731.2,744.19999999,2.74240524,0.00976944586101
311,2016-12-01 08:00:00,744.2,759.01464645,744.2,759.01464645,2.15169738,0.0199068079145
312,2016-12-02 08:00:00,758.0,775.0,746.83731,775.0,7.53813639,0.0224274406332
313,2016-12-03 08:00:00,774.0,774.0,754.99000001,767.99,0.12174123,-0.00776485788114
314,2016-12-04 08:00:00,755.00000001,774.98998684,755.00000001,774.98998684,0.34777157,0.026476803748
315,2016-12-05 08:00:00,774.98994023,774.98994023,754.99000001,774.9899158,1.28368862,-3.15229898931e-08
316,2016-12-06 08:00:00,774.98984246,774.98984246,739.50000001,739.50000001,0.45786333,-0.0457939452953
317,2016-12-07 08:00:00,740.0,762.0,740.0,762.0,0.54555931,0.0297297297297
318,2016-12-08 08:00:00,762.50000002,774.98999636,762.50000002,774.98999636,0.12887134,0.0163803230684
319,2016-12-09 08:00:00,762.50000018,775.98,762.50000018,775.98,1.11673673,0.0176786882844
320,2016-12-10 08:00:00,770.0,770.0,770.0,770.0,0.1,0.0
321,2016-12-11 08:00:00,767.0,767.0,758.0,758.0,1.54235214,-0.0117340286832
322,2016-12-12 08:00:00,769.0,779.094,761.60300001,779.094,0.83495066,0.0131261378414
323,2016-12-13 08:00:00,779.094,780.0,779.094,779.99999999,27.2024365,0.00116288918924
324,2016-12-16 08:00:00,779.99,780.0,779.99,780.0,3.65147672,1.28206771882e-05
325,2016-12-17 08:00:00,781.75099999,795.16968902,781.75099999,795.0,0.59970895,0.0169478516947
326,2016-12-18 08:00:00,798.0,798.99976652,798.0,798.99976652,0.61,0.00125284025063
327,2016-12-19 08:00:00,781.5858,798.99972642,779.0,779.0,2.56751159,-0.00330840196943
328,2016-12-20 08:00:00,795.0,798.999,775.0,798.999,3.42019306,0.00503018867925
329,2016-12-21 08:00:00,798.999,867.8799998,798.999,867.8799998,1.16237061,0.08620911891
330,2016-12-22 08:00:00,840.66,870.0,840.66,865.99999261,0.73532957,0.0301429741037
331,2016-12-23 08:00:00,858.0,916.712,853.82,916.712,6.92957412,0.0684289044289
332,2016-12-24 08:00:00,915.0,919.99999999,910.0,919.99999999,3.51276423,0.00546448086339
333,2016-12-25 08:00:00,899.99999926,899.99999926,860.0,880.0,4.13581704,-0.0222222214183
334,2016-12-26 08:00:00,914.89999992,914.89999992,867.0000157,914.0,0.0864707,-0.000983713979756
335,2016-12-27 08:00:00,912.0,943.666,900.00002738,937.92399824,1.12961092,0.0284254366667
336,2016-12-28 08:00:00,943.329,978.0,937.92401413,971.79000241,19.97575955,0.0301708125267
337,2016-12-29 08:00:00,990.99998322,990.99998322,950.0,963.00000001,7.58990872,-0.0282542721333
338,2016-12-30 08:00:00,963.00000001,963.00000001,930.924,958.1,2.41846458,-0.00508826584626
339,2016-12-31 08:00:00,948.0,965.34,942.899,960.0,0.2158254,0.0126582278481
340,2017-01-01 08:00:00,973.0,1001.665,955.00000014,999.0,1.07721513,0.0267214799589
341,2017-01-02 08:00:00,999.0,1071.12999987,994.24347007,1010.0,0.41066589,0.011011011011
342,2017-01-03 08:00:00,1019.0,1030.0,1019.0,1030.0,2.19075116,0.0107948969578
343,2017-01-04 08:00:00,1038.99,1163.0199998,1038.99,1135.0,13.21354478,0.0924070491535
344,2017-01-05 08:00:00,1090.53000001,1160.0,870.0,980.13000001,32.0637908,-0.101235179224
345,2017-01-06 08:00:00,1020.0,1033.99999999,870.0,909.949,17.39413973,-0.107893137255
346,2017-01-07 08:00:00,900.949,911.01999888,815.09800001,897.92155245,24.75957725,-0.00336028737476
347,2017-01-08 08:00:00,900.92155245,934.13,869.00000095,900.0,10.22970994,-0.00102289977134
348,2017-01-09 08:00:00,885.00000061,900.0,885.00000061,895.0,0.86830854,0.0112994343312
349,2017-01-10 08:00:00,905.0,918.0,905.0,910.94964795,4.50961835,0.00657419662983
350,2017-01-11 08:00:00,915.69998447,925.0,760.0,778.25,28.09305254,-0.150103731354
351,2017-01-12 08:00:00,778.25,827.4,750.00000003,823.0,6.63265523,0.0575008030838
352,2017-01-13 08:00:00,804.9,822.99999927,755.00000002,820.0,5.84617602,0.0187600944217
353,2017-01-14 08:00:00,829.99,839.99999268,821.0,821.0,13.99904526,-0.0108314558007
354,2017-01-15 08:00:00,814.0,821.0,803.71900001,817.09,1.94920329,0.00379606879607
355,2017-01-16 08:00:00,822.0,833.51350898,803.62,830.0,8.85336432,0.00973236009732
356,2017-01-17 08:00:00,830.0,904.554,830.0,900.04,6.42802942,0.0843855421687
357,2017-01-18 08:00:00,904.638,904.638,855.221,880.417,9.38414165,-0.0267742456098
358,2017-01-19 08:00:00,884.646,906.757427,876.39846034,886.0,1.20610694,0.00153055572511
359,2017-01-20 08:00:00,903.91443434,904.99999472,885.83614565,896.5,1.0191125,-0.00820258429152
360,2017-01-21 08:00:00,896.5,925.0,896.5,925.0,1.63399765,0.031790295594
361,2017-01-22 08:00:00,924.0,939.6319894,899.99,910.12149855,3.53840927,-0.0150200232143
362,2017-01-23 08:00:00,919.2641472,924.89257554,909.90144916,911.375,0.62855231,-0.00858202424627
363,2017-01-24 08:00:00,911.375,921.432,880.00000001,880.00000001,5.11835174,-0.0344260046523
364,2017-01-25 08:00:00,890.0,894.0,876.39846034,894.0,10.33302464,0.00449438202247
365,2017-01-26 08:00:00,898.92043194,917.0,896.92043194,917.0,8.86183457,0.0201125343441
366,2017-01-27 08:00:00,916.98,924.79999999,915.8,923.88995685,2.91021642,0.00753555895439
367,2017-01-28 08:00:00,923.88999999,923.89,919.324,923.88999786,1.68144636,-2.30546924895e-09
368,2017-01-29 08:00:00,919.374,923.88999999,915.009,915.009,1.47963322,-0.00474779578278
369,2017-01-30 08:00:00,910.50009171,920.439,910.50009171,920.439,0.11736985,0.0109158784063
370,2017-01-31 08:00:00,920.439,962.89,920.439,962.89,4.79904605,0.0461203838603
371,2017-02-01 08:00:00,962.89,980.74887955,954.84971086,980.74887955,6.37145598,0.0185471648371
372,2017-02-02 08:00:00,981.5034003,1010.0,970.00000002,993.416,9.23162981,0.0121370946819
373,2017-02-03 08:00:00,1008.0,1019.97883473,991.074,1018.41972964,4.2635145,0.010337033373
374,2017-02-04 08:00:00,1000.00000001,1030.0,1000.00000001,1019.49220442,5.96331098,0.0194922044098
375,2017-02-05 08:00:00,1027.7075,1027.7075,995.5270097,1014.364,1.30792599,-0.0129837526728
376,2017-02-06 08:00:00,1016.88887994,1016.88888,1006.54925149,1006.54925149,1.46722072,-0.0101679039411
377,2017-02-07 08:00:00,1024.75,1054.38075195,1024.75,1050.0,12.22685427,0.0246401561356
378,2017-02-08 08:00:00,1051.2,1064.08956934,1021.666,1044.407,5.03411971,-0.00646213850837
379,2017-02-09 08:00:00,1042.12351562,1074.918,925.00000001,957.0,67.33992942,-0.0816827509831
380,2017-02-10 08:00:00,957.0,994.72582259,949.07995233,994.602,13.85631871,0.0392915360502
381,2017-02-11 08:00:00,994.602,1001.55852,994.602,997.70343748,0.0360904,0.00311826990093
382,2017-02-12 08:00:00,997.70343748,1013.8895253,988.853,1004.99999999,1.18069406,0.00731335809409
383,2017-02-13 08:00:00,1004.99899999,1004.999,979.608,1004.99899995,1.40704981,-3.98010662018e-11
384,2017-02-14 08:00:00,985.00000001,1016.32463935,985.00000001,1013.99999999,3.01957434,0.0294416243449
385,2017-02-15 08:00:00,1010.0,1017.99999999,1001.10000002,1017.99999999,1.3820291,0.00792079206931
386,2017-02-16 08:00:00,1001.10000002,1049.34291111,1001.10000002,1030.3429111,7.22131545,0.0292107792223
387,2017-02-17 08:00:00,1032.379111,1063.52966066,1032.379111,1061.50878903,12.43545556,0.0282160668689
388,2017-02-18 08:00:00,1047.0,1070.118,1045.02861805,1070.118,4.22818047,0.0220802292264
389,2017-02-19 08:00:00,1049.80000002,1054.82,1046.89000001,1054.82,0.53615703,0.0047818631929
390,2017-02-20 08:00:00,1047.379,1085.138,1044.30108512,1085.0,7.06566528,0.0359191849369
391,2017-02-21 08:00:00,1078.99999999,1137.667,1078.99999999,1137.667,22.5203358,0.0543716404176
392,2017-02-22 08:00:00,1113.397,1136.226,1105.0,1136.226,5.24798085,0.020503917291
393,2017-02-23 08:00:00,1117.489,1198.024,1117.489,1174.4,13.8384359,0.0509275706517
394,2017-02-24 08:00:00,1174.40000429,1224.69056362,1116.379,1185.0,25.83102731,0.00902588187268
395,2017-02-25 08:00:00,1170.905,1190.0,1129.222,1158.5,24.93574061,-0.0105943693126
396,2017-02-26 08:00:00,1143.05620633,1182.681,1125.07863515,1158.50001009,6.45767445,0.0135109749411
397,2017-02-27 08:00:00,1182.0,1199.99999999,1160.92555554,1196.99999929,10.87736667,0.0126903547293
398,2017-02-28 08:00:00,1200.0,1210.0,1180.37900001,1195.0,18.80422931,-0.00416666666667
399,2017-03-01 08:00:00,1181.0000485,1230.47115453,1181.0000485,1230.47115453,5.50246639,0.0418891651129
400,2017-03-02 08:00:00,1230.47115453,1277.19798677,1210.37902433,1250.0,8.93421719,0.0158710307008
401,2017-03-03 08:00:00,1250.0,1289.453,1248.642007,1267.81842334,11.63813183,0.014254738672
402,2017-03-04 08:00:00,1281.0,1294.21698066,1247.082,1251.11739964,5.25972154,-0.0233275568774
403,2017-03-05 08:00:00,1273.0,1278.704,1247.43600004,1278.704,4.16498708,0.00448075412412
404,2017-03-06 08:00:00,1278.704,1289.6859907,1272.0,1282.99998772,7.21134159,0.00335964204382
405,2017-03-07 08:00:00,1276.1,1279.63637236,1185.2127612,1247.14366119,42.72183419,-0.0226912771805
406,2017-03-08 08:00:00,1226.01900458,1234.53749547,1140.132,1140.132,58.39988322,-0.0700535670811
407,2017-03-09 08:00:00,1162.71,1209.99999998,1145.0,1184.79000003,30.11768195,0.01899011794
408,2017-03-10 08:00:00,1184.80000152,1310.846,964.52791445,1107.55682861,100.61409831,-0.0651951154717
409,2017-03-11 08:00:00,1122.0,1199.969,1122.0,1165.0,13.38416521,0.0383244206774
410,2017-03-12 08:00:00,1164.50919877,1230.0,1162.669,1230.0,12.1277293,0.0562389728644
411,2017-03-13 08:00:00,1214.10000007,1249.99999999,1201.00000001,1201.00000001,13.8891331,-0.0107898855607
412,2017-03-14 08:00:00,1201.00000001,1259.78756358,1201.00000001,1258.99999999,6.24746663,0.0482930890754
413,2017-03-15 08:00:00,1235.00000001,1259.0,1235.00000001,1258.75,2.66460962,0.0192307692225
414,2017-03-16 08:00:00,1258.75,1258.75,1130.0,1165.48400001,33.34145793,-0.074094141005
415,2017-03-17 08:00:00,1179.79536507,1179.79536507,1062.48484466,1062.48484466,61.18877784,-0.0994329388665
416,2017-03-18 08:00:00,1066.88272644,1100.163,920.0,967.31899999,92.09134519,-0.093322090594
417,2017-03-19 08:00:00,967.31899999,1059.99999999,967.31899999,1032.8826629,41.795002,0.0677787399097
418,2017-03-20 08:00:00,1008.78848473,1051.37899999,1004.383,1049.99999994,38.45566036,0.0408524837801
419,2017-03-21 08:00:00,1043.12043257,1126.0,1000.0,1098.01,36.2661739,0.0526205466945
420,2017-03-22 08:00:00,1098.00000001,1115.0,994.05713373,1037.49037341,28.52390636,-0.0551089495441
421,2017-03-23 08:00:00,1035.49037341,1071.56957757,1023.77049193,1023.77049193,23.83817426,-0.0113181945298
422,2017-03-24 08:00:00,1035.0,1040.0,929.5112936,952.71,39.6460293,-0.0795072463768
423,2017-03-25 08:00:00,930.00000001,981.68854138,895.983,966.227,106.13952564,0.0389537634297
424,2017-03-26 08:00:00,966.0,1005.8,952.06569853,952.06569853,70.70762991,-0.0144247427226
425,2017-03-27 08:00:00,961.77428341,1040.0,961.77428341,1040.0,59.02081793,0.0813347975085
426,2017-03-28 08:00:00,1036.661,1065.49676245,1023.361,1045.08751853,45.56821964,0.00812851889866
427,2017-03-29 08:00:00,1044.99999999,1055.18399999,1008.5,1037.55869893,19.5732786,-0.00712086225844
428,2017-03-30 08:00:00,1050.0,1064.97380473,1025.00000001,1045.34670682,16.26554109,-0.00443170779048
429,2017-03-31 08:00:00,1045.34670683,1082.0,1032.89040469,1082.0,37.90422078,0.0350632885056
430,2017-04-01 08:00:00,1082.0,1107.825,1073.00000001,1083.19390745,14.8818345,0.00110342647874
431,2017-04-02 08:00:00,1076.98,1134.99999999,1076.98,1105.0,43.18828012,0.0260171962339
432,2017-04-03 08:00:00,1106.0,1157.71399999,1106.0,1130.568,29.08916038,0.0222133815552
433,2017-04-04 08:00:00,1136.611,1161.40499993,1117.41003648,1148.98,33.08922483,0.0108823511298
434,2017-04-05 08:00:00,1130.00000002,1149.97999999,1111.823,1121.00000006,29.24476206,-0.00796460173437
435,2017-04-06 08:00:00,1142.10768607,1207.35282983,1133.747,1207.35282983,34.80968565,0.0571269632065
436,2017-04-07 08:00:00,1183.41600004,1202.637,1178.72495374,1191.0,26.8730218,0.00640856635346
437,2017-04-08 08:00:00,1191.00000001,1202.636,1169.13100001,1183.0,20.60886243,-0.00671704450876
438,2017-04-09 08:00:00,1189.21898406,1237.04018479,1170.00000001,1223.0,19.91069126,0.0284060516968
439,2017-04-10 08:00:00,1217.0,1231.63998455,1197.5,1212.00540202,8.81808279,-0.00410402463435
440,2017-04-11 08:00:00,1201.0,1242.62862613,1201.0,1227.000001,18.14862121,0.0216486269775
441,2017-04-12 08:00:00,1227.00000103,1242.547,1215.00000002,1215.00000002,13.27050343,-0.00977995191518
442,2017-04-13 08:00:00,1232.0,1236.75,1153.22000001,1185.834,34.86514758,-0.0374724025974
443,2017-04-14 08:00:00,1183.0,1218.0,1175.0,1200.50000003,36.77550825,0.0147928994336
444,2017-04-15 08:00:00,1208.63472341,1217.19280204,1190.0,1199.51068278,25.55506272,-0.00754904724585
445,2017-04-16 08:00:00,1197.99999999,1218.0,1191.95231046,1212.099,10.32335319,0.0117687813106
446,2017-04-17 08:00:00,1212.099,1242.0,1200.01000001,1239.29,32.15798272,0.0224329860845
447,2017-04-18 08:00:00,1220.95400003,1296.0,1220.95400003,1270.07,48.04741208,0.0402275597351
448,2017-04-19 08:00:00,1270.23,1274.402,1254.0,1269.0,59.35864308,-0.000968328570416
449,2017-04-20 08:00:00,1264.172,1329.08999999,1261.0,1298.00000004,49.73593052,0.0267590170009
450,2017-04-21 08:00:00,1298.00000004,1328.99,1298.00000004,1322.89,64.24601397,0.0191756548222
451,2017-04-22 08:00:00,1324.0,1347.45999999,1282.80000002,1337.59,61.00003491,0.0102643504532
452,2017-04-23 08:00:00,1337.59,1362.14999999,1326.13,1362.14999999,25.49837103,0.0183613812828
453,2017-04-24 08:00:00,1349.00000001,1362.14999998,1330.0,1352.59,27.09648642,0.00266123053371
454,2017-04-25 08:00:00,1352.691,1382.14999999,1340.00000001,1358.30000003,29.59805419,0.00414654938194
455,2017-04-26 08:00:00,1379.974,1413.11299998,1361.574,1400.0,20.59188247,0.0145118676149
456,2017-04-27 08:00:00,1401.0,1444.0,1395.02300001,1441.99887755,13.9401662,0.0292640096717
457,2017-04-28 08:00:00,1431.61200044,1446.99999999,1361.10000315,1413.66300004,45.85539978,-0.0125376152159
458,2017-04-29 08:00:00,1420.0,1441.74499998,1400.93700001,1420.00000001,23.36176627,7.04217904647e-12
459,2017-04-30 08:00:00,1431.381,1444.0,1404.0,1431.38900007,27.86487181,5.58905700158e-06
460,2017-05-01 08:00:00,1431.38900007,1563.46799998,1386.0711512,1535.0,77.77275313,0.0723849351399
461,2017-05-02 08:00:00,1523.64600072,1633.0,1489.00000096,1563.85,62.64257195,0.0263867061384
462,2017-05-03 08:00:00,1563.85,1625.0,1541.181,1610.00727595,30.61748796,0.0295151555136
463,2017-05-04 08:00:00,1611.66,1694.0,1518.159,1614.33499995,97.05653495,0.00165977932691
464,2017-05-05 08:00:00,1614.33499995,1663.682,1504.52700044,1553.372,188.1160299,-0.0377635372781
465,2017-05-06 08:00:00,1552.97099994,1627.99999934,1539.00000116,1600.0,38.06052396,0.0302832442214
466,2017-05-07 08:00:00,1586.351,1650.0,1556.42000184,1628.99999992,71.93761708,0.0268849705519
467,2017-05-08 08:00:00,1627.0,1748.99999999,1620.837,1703.215,57.98370705,0.0468438844499
468,2017-05-09 08:00:00,1711.33199998,1809.0,1686.719,1760.076,143.0965114,0.0284830763526
469,2017-05-10 08:00:00,1764.90899984,1818.4119,1717.41700013,1800.0,75.46161395,0.0198826116039
470,2017-05-11 08:00:00,1791.697,1906.0,1767.45200099,1854.7615087,211.27439882,0.0351981996398
471,2017-05-12 08:00:00,1867.516,1867.516,1651.0,1748.88599929,138.83744057,-0.0635228831828
472,2017-05-13 08:00:00,1738.45099998,1826.529,1658.4450008,1811.307,101.31192469,0.0419085726436
473,2017-05-14 08:00:00,1825.0,1855.0,1773.73100004,1827.99999999,97.46284599,0.00164383561096
474,2017-05-15 08:00:00,1828.0,1828.0,1720.00100077,1776.72,96.76492029,-0.0280525164114
475,2017-05-16 08:00:00,1775.0,1800.0,1720.00100219,1799.999,59.42577316,0.014083943662
476,2017-05-17 08:00:00,1799.99899996,1894.6556,1770.00000001,1870.0,98.48806948,0.0388894660728
477,2017-05-18 08:00:00,1850.001,1949.0,1850.001,1931.0,104.95752718,0.0437832195766
478,2017-05-19 08:00:00,1931.0,1998.5,1925.2,1975.11,161.12230641,0.0228430864837
479,2017-05-20 08:00:00,1980.0,2076.0,1957.1100012,2072.92817,141.00189446,0.0469334191919
480,2017-05-21 08:00:00,2072.92817,2098.88,1987.00000003,2020.725,139.25483594,-0.0251832990431
481,2017-05-22 08:00:00,2020.725,2200.0,1949.0,2079.0,224.58205615,0.028838659392
482,2017-05-23 08:00:00,2078.0,2220.0,1991.51,2176.76,112.19052972,0.0475264677575
483,2017-05-24 08:00:00,2176.76,2420.0,2055.1,2323.0,230.41461243,0.0671824179055
484,2017-05-25 08:00:00,2337.682,2584.0,2000.0,2000.0,305.83293912,-0.144451640557
485,2017-05-26 08:00:00,2037.6279,2441.99999997,1650.0,1766.0,234.87753555,-0.133305938734
486,2017-05-27 08:00:00,1871.999,1987.0,1100.1,1749.0,424.17778549,-0.0657046291157
487,2017-05-28 08:00:00,1720.0,2300.0,1629.313,2028.0,403.50268377,0.179069767442
488,2017-05-29 08:00:00,2028.0,2200.0,1809.0,2200.0,133.87280369,0.0848126232742
489,2017-05-30 08:00:00,2208.97,2277.99899999,2045.50000001,2130.0,357.32993717,-0.035749693296
490,2017-05-31 08:00:00,2148.0,2237.24799994,2010.0,2152.11100016,342.11992383,0.00191387344507
491,2017-06-01 08:00:00,2152.11100016,2378.921,2152.11100016,2286.084,324.76928508,0.0622519004968
492,2017-06-02 08:00:00,2286.084,2400.0,2248.8,2392.5,312.22332037,0.0465494706231
493,2017-06-03 08:00:00,2394.9,2479.0,2320.501,2468.89,197.98388491,0.0308948181552
494,2017-06-04 08:00:00,2452.569,2500.0,2358.428,2475.56,301.87206154,0.00937425205978
495,2017-06-05 08:00:00,2487.211,2630.00000001,2465.00000001,2625.0,282.06599554,0.0553989991199
496,2017-06-06 08:00:00,2629.4,2886.0,2566.0,2840.0,1106.90370688,0.0800943180954
497,2017-06-07 08:00:00,2840.0,2866.97999999,2521.518,2613.001,836.86253139,-0.0799292253521
498,2017-06-08 08:00:00,2621.00300001,2799.27842068,2565.94999967,2787.0,714.36300174,0.0633333880157
499,2017-06-09 08:00:00,2787.0,2849.82,2755.00000001,2790.10900001,338.74339482,0.00111553642268
500,2017-06-10 08:00:00,2802.00100001,2886.361,2750.0,2809.0,381.30754382,0.00249785777734
501,2017-06-11 08:00:00,2781.59100002,2978.652,2781.59100002,2941.99999997,363.26812521,0.0576680755542
502,2017-06-12 08:00:00,2937.13134783,2967.99999981,2300.0,2579.0,1755.91542052,-0.121932356922
503,2017-06-13 08:00:00,2598.99999971,2750.0,2522.00000001,2681.887,658.32277184,0.031891881608
504,2017-06-14 08:00:00,2681.887,2705.67,2228.0,2397.0,1595.92340528,-0.106226324972
505,2017-06-15 08:00:00,2390.0,2479.99999863,1900.0,2393.985,2965.55174695,0.00166736401674
506,2017-06-16 08:00:00,2380.00000001,2472.03,2251.0,2429.00000001,1777.0217631,0.020588235294
507,2017-06-17 08:00:00,2431.99,2649.999,2355.707,2612.0,819.97563969,0.0740175740854
508,2017-06-18 08:00:00,2612.0,2638.99899998,2407.44000001,2519.83799997,860.13791145,-0.0352840735184
509,2017-06-19 08:00:00,2519.83599972,2600.0,2482.017,2575.00000001,631.5510602,0.021891901019
510,2017-06-20 08:00:00,2585.0,2795.0,2564.00000001,2678.0,882.23962763,0.0359767891683
511,2017-06-21 08:00:00,2678.0,2770.99999981,2450.0,2630.0,1052.18924932,-0.0179238237491
512,2017-06-22 08:00:00,2629.99999999,2710.0,2533.77754265,2660.00000007,841.30327971,0.0114068441369
513,2017-06-23 08:00:00,2670.0,2718.99999999,2510.8,2668.46899999,958.60582289,-0.000573408243446
514,2017-06-24 08:00:00,2668.46899999,2692.49999998,2423.983,2515.02919012,1525.42139007,-0.057501065169
515,2017-06-25 08:00:00,2515.01999994,2596.70508045,2345.001,2485.68,1495.26360813,-0.0116659111819
516,2017-06-26 08:00:00,2489.18999996,2529.49494673,2007.89,2398.5,3544.73868048,-0.0364335386055
517,2017-06-27 08:00:00,2398.5,2519.99999998,2130.0,2510.0,3343.5910976,0.0464873879508
518,2017-06-28 08:00:00,2510.0,2570.0,2385.001,2510.51,2174.54173816,0.000203187250996
519,2017-06-29 08:00:00,2512.51,2585.0,2342.0,2465.57,2429.34723499,-0.0186825127064
520,2017-06-30 08:00:00,2465.57,2514.0,2399.99999999,2418.0,1401.31121795,-0.0192937130157
521,2017-07-01 08:00:00,2418.0,2459.99999999,2280.00000002,2342.6,1962.29955295,-0.0311827956989
522,2017-07-02 08:00:00,2342.6,2474.34999988,2284.00000001,2438.0,1838.59739909,0.0407239819005
523,2017-07-03 08:00:00,2437.99999999,2600.0,2403.8,2549.79999999,1392.88831321,0.0458572600494
524,2017-07-04 08:00:00,2533.09431274,2630.0,2510.01,2590.005,1373.32367464,0.022466864725
525,2017-07-05 08:00:00,2589.99998839,2615.359,2475.0,2606.0,1012.47336698,0.00617761068792
526,2017-07-06 08:00:00,2609.98999996,2609.99,2540.0,2587.0000116,665.25451474,-0.00880845840802
527,2017-07-07 08:00:00,2587.0005116,2600.0,2425.101,2464.01,2074.26431281,-0.0475417422797
528,2017-07-08 08:00:00,2475.25999999,2560.0,2426.10000001,2555.55199999,1392.39647542,0.0324378045136
529,2017-07-09 08:00:00,2555.54999999,2569.999,2450.0,2468.157,1023.8741149,-0.0341973352078
530,2017-07-10 08:00:00,2468.157,2500.0,2201.0,2306.10000001,4112.5232594,-0.0656591132533
531,2017-07-11 08:00:00,2312.00000001,2386.318,2177.00000001,2274.1436718,5467.09202877,-0.0163738443814
532,2017-07-12 08:00:00,2275.2,2405.2,2170.55,2380.5,3338.39165702,0.0462816455696
533,2017-07-13 08:00:00,2380.5,2402.29299999,2280.0,2339.99999997,3215.42551974,-0.0170132325268
534,2017-07-14 08:00:00,2339.0,2340.39998108,2133.605,2197.00000001,3617.54266819,-0.0607097049979
535,2017-07-15 08:00:00,2197.00000002,2219.0,1966.42,1980.126,4038.27371635,-0.0987137005089
536,2017-07-16 08:00:00,1980.125,2048.0,1822.0,1919.0,6766.01278633,-0.0308692633041
537,2017-07-17 08:00:00,1918.33000002,2212.0,1917.00000001,2210.0,5997.13112644,0.152043704669
538,2017-07-18 08:00:00,2210.0,2380.0,2071.99,2295.88,6649.42279378,0.0388597285068
539,2017-07-19 08:00:00,2295.88,2406.29,2191.342,2250.0,5561.6440979,-0.0199836228374
540,2017-07-20 08:00:00,2247.99998661,2929.99999999,2234.0,2850.0,9211.17179323,0.267793601858
541,2017-07-21 08:00:00,2850.0,2860.183,2600.948,2675.0,5271.65114714,-0.0614035087719
542,2017-07-22 08:00:00,2678.97,2900.0,2651.83,2850.1,3803.85017652,0.0638790281339
543,2017-07-23 08:00:00,2850.00001052,2878.0,2650.01,2748.0,3210.55982031,-0.0357894772433
544,2017-07-24 08:00:00,2748.0,2811.0,2701.0,2771.9,2469.34248778,0.00869723435226
545,2017-07-25 08:00:00,2771.89998917,2795.0,2425.0,2545.675,9089.20491438,-0.0816136909895
546,2017-07-26 08:00:00,2547.00000001,2630.0,2410.0,2520.0,4949.03887185,-0.0106007067177
547,2017-07-27 08:00:00,2520.0000119,2698.0,2503.00000001,2665.284,3605.69584061,0.0576523759579
548,2017-07-28 08:00:00,2666.99998874,2830.0,2658.017,2774.00000002,3955.59500729,0.0401199894007
549,2017-07-29 08:00:00,2774.00000002,2794.0,2660.99,2730.001,2498.59436181,-0.0158612112544
550,2017-07-30 08:00:00,2730.001,2751.75999999,2599.56,2747.0,2278.93082893,0.00622673764588
551,2017-07-31 08:00:00,2746.99998906,2878.123,2692.0,2858.002,2861.6292175,0.0404084497204
552,2017-08-01 08:00:00,2858.2500105,2948.341,2551.0,2735.0,7086.40454823,-0.0431207942088
553,2017-08-02 08:00:00,2738.97997806,2781.74893055,2637.0,2690.00000001,5934.54176068,-0.017882561553
554,2017-08-03 08:00:00,2690.00001116,2818.253,2675.0,2790.9,3047.32844977,0.037509289376
555,2017-08-04 08:00:00,2790.9,2875.4,2750.01,2846.1,3262.02739107,0.019778566054
556,2017-08-05 08:00:00,2863.0,3333.0,2846.10000001,3245.0,7957.39918404,0.133426475725
557,2017-08-06 08:00:00,3245.00000924,3300.0,3150.0,3226.10000001,3791.8749481,-0.00582434797417
558,2017-08-07 08:00:00,3238.0,3425.869,3192.0,3405.0,4544.46007187,0.0515750463249
559,2017-08-08 08:00:00,3405.0,3490.0,3338.01,3408.0,4752.80088678,0.000881057268722
560,2017-08-09 08:00:00,3410.0,3438.99999999,3211.0,3330.0,3619.57732308,-0.0234604105572
561,2017-08-10 08:00:00,3330.0,3450.0,3299.0,3420.0,3819.1227382,0.027027027027
562,2017-08-11 08:00:00,3420.0,3685.0,3384.426,3625.30000003,5393.10049707,0.0600292397749
563,2017-08-12 08:00:00,3625.30000003,3943.0,3595.69840047,3865.2,6129.37105104,0.0661738338808
564,2017-08-13 08:00:00,3869.5,4180.0,3818.0,4049.0,8420.04984581,0.0463884222768
565,2017-08-14 08:00:00,4031.50000013,4330.0,3970.0,4315.00000008,5328.32172369,0.0703212203748
566,2017-08-15 08:00:00,4320.0,4436.0,3800.001,4164.0,12304.5879986,-0.0361111111111
567,2017-08-16 08:00:00,4164.0,4390.8,3930.0,4380.0,6307.37996026,0.0518731988473
568,2017-08-17 08:00:00,4364.10000011,4490.97,4178.001,4254.0,6875.30023031,-0.0252285694891
569,2017-08-18 08:00:00,4254.0,4349.8,3900.985,4069.99900003,7271.38425711,-0.0432536436225
570,2017-08-19 08:00:00,4070.00000003,4200.0,3860.0,4154.0,5624.12763733,0.0206388206313
571,2017-08-20 08:00:00,4154.0,4188.11252016,4043.688,4073.29,2552.66446915,-0.0194294655753
572,2017-08-21 08:00:00,4072.8827,4103.30406388,3947.65489946,3999.99,3353.34111161,-0.0178970781555
573,2017-08-22 08:00:00,3985.0,4135.0,3591.0,4083.99999998,7757.91129165,0.0248431618519
574,2017-08-23 08:00:00,4057.00000007,4248.17738175,4041.0,4131.02,4103.69541919,0.0182450086095
575,2017-08-24 08:00:00,4132.0,4359.99,4090.00000001,4307.36,2774.59657477,0.0424394966118
576,2017-08-25 08:00:00,4307.36,4450.0,4250.0,4365.0,3084.12848404,0.0133817465919
577,2017-08-26 08:00:00,4365.0,4371.07618483,4240.0,4331.88,2085.05421123,-0.00758762886598
578,2017-08-27 08:00:00,4331.88,4395.0,4295.1,4332.001,1586.52335282,2.79324450354e-05
579,2017-08-28 08:00:00,4343.0,4390.0,4163.99900001,4383.99,2616.50534386,0.00943817637578
580,2017-08-29 08:00:00,4384.00000001,4649.4,4343.595,4600.0,4187.16722202,0.0492700729903
581,2017-08-30 08:00:00,4599.0,4629.998,4460.0,4577.5,2571.20382357,-0.00467492933246
582,2017-08-31 08:00:00,4575.0,4748.999,4560.0,4710.01,2989.0020661,0.0295103825137
583,2017-09-01 08:00:00,4710.01,4898.0,4643.0,4889.0,4163.43690309,0.0380020424585
584,2017-09-02 08:00:00,4890.0,4945.0,4204.11265694,4520.0,14043.5135882,-0.0756646216769
585,2017-09-03 08:00:00,4520.0,4701.0,4326.1208,4595.9,7687.04912182,0.0167920353982
586,2017-09-04 08:00:00,4596.0,4617.9,4000.445,4170.945,19213.3962648,-0.0924836814621
587,2017-09-05 08:00:00,4170.945,4480.0,3898.798,4387.002,14213.8210807,0.0518004912556
588,2017-09-06 08:00:00,4394.99999999,4640.82304013,4325.0,4585.1,7193.92502395,0.0432536973858
589,2017-09-07 08:00:00,4585.1,4699.0,4411.0,4637.99999976,6659.46198713,0.0115373709974
590,2017-09-08 08:00:00,4630.0,4679.766274,3969.0,4280.10000001,17078.6496162,-0.0755723542095
591,2017-09-09 08:00:00,4280.10000002,4380.0,4140.0,4332.0,6472.04071161,0.0121258849045
592,2017-09-10 08:00:00,4320.28999999,4332.0,3958.0,4220.0,8003.43478684,-0.0232137194471
593,2017-09-11 08:00:00,4220.0,4371.37,4103.00000001,4215.901,6468.18973421,-0.000971327014218
594,2017-09-12 08:00:00,4194.82149499,4377.0,4000.0,4122.00000001,10189.3037803,-0.0173598554949
595,2017-09-13 08:00:00,4130.0,4161.001,3715.0,3859.433,18114.5684411,-0.065512590799
596,2017-09-14 08:00:00,3860.0,3940.0,3200.2,3203.76,26437.0689421,-0.170010362694
597,2017-09-15 08:00:00,3213.5,3841.2,2917.87241781,3700.59799999,41109.4455978,0.151578652556
598,2017-09-16 08:00:00,3700.59799999,3889.0,3500.0,3670.00000001,15719.8616825,-0.0082683933732
599,2017-09-17 08:00:00,3670.00000001,3779.0,3450.0,3664.5,8544.0466988,-0.0014986376049
600,2017-09-18 08:00:00,3664.5,4099.0,3657.10000001,4077.0,11628.7852406,0.112566516578
601,2017-09-19 08:00:00,4086.0,4099.0,3815.0182,3893.4612457,9324.74095093,-0.0471215747186
602,2017-09-20 08:00:00,3893.461,4047.834,3815.018,3871.0,5894.8160065,-0.00576890329709
603,2017-09-21 08:00:00,3879.99,3916.0,3550.19,3580.1530003,14176.7218912,-0.0772777764118
604,2017-09-22 08:00:00,3580.15300048,3774.9,3507.0,3600.0,8552.15915204,0.00554361769381
605,2017-09-23 08:00:00,3600.0,3814.0,3550.0,3773.001,5265.66451254,0.0480558333333
606,2017-09-24 08:00:00,3773.001,3798.0,3621.0,3647.03839501,3288.57802907,-0.03338525619
607,2017-09-25 08:00:00,3656.899,3979.695,3643.10000001,3931.12,7472.88984598,0.0749873048176
608,2017-09-26 08:00:00,3931.12,3986.0,3841.5,3879.3,4191.66130609,-0.0131819939356
609,2017-09-27 08:00:00,3879.3,4229.0,3869.10000001,4206.0,7398.41966919,0.0842162245766
610,2017-09-28 08:00:00,4204.0,4289.0,4088.0,4196.0,7455.84520033,-0.00190294957184
611,2017-09-29 08:00:00,4196.99,4248.61602424,3949.01,4182.0,9029.71066573,-0.00357160727093
612,2017-09-30 08:00:00,4182.0,4387.98,4152.00000001,4367.5,4985.70708559,0.0443567670971
613,2017-10-01 08:00:00,4367.5,4433.76,4260.01,4410.0,3804.88604377,0.00973096737264
614,2017-10-02 08:00:00,4413.0,4488.0,4350.0,4397.912,4104.53249994,-0.00341898934965
615,2017-10-03 08:00:00,4397.91204043,4449.0,4206.0,4308.0,5837.51043751,-0.0204442561842
616,2017-10-04 08:00:00,4308.0,4366.028,4158.375,4206.5,4212.13074587,-0.0235608170845
617,2017-10-05 08:00:00,4209.0,4360.00000001,4122.0,4320.04,4017.33486672,0.0263815633167
618,2017-10-06 08:00:00,4336.75372522,4421.09212651,4302.00000001,4370.00436999,2672.08004448,0.00766717385325
619,2017-10-07 08:00:00,4373.32766255,4467.0,4315.0,4430.0001,1811.97166246,0.0129586534152
620,2017-10-08 08:00:00,4430.0001,4630.0,4415.0000002,4628.99,3839.63007391,0.0449187123043
621,2017-10-09 08:00:00,4628.99,4875.4999,4550.0,4775.7,5821.94723088,0.031693738807
622,2017-10-10 08:00:00,4775.3,4929.0,4688.0,4764.0,5735.11182433,-0.0023663434758
623,2017-10-11 08:00:00,4777.66079999,4868.99989992,4715.365,4835.8,3169.14960959,0.0121689677112
624,2017-10-12 08:00:00,4835.8,5450.0,4806.0,5448.99999999,9326.60494875,0.126804251621
625,2017-10-13 08:00:00,5448.99999999,5850.0,5254.0,5637.0,11248.4505724,0.0345017434411
626,2017-10-14 08:00:00,5637.0,5860.0,5548.2,5820.0,3644.82385875,0.0324640766365
627,2017-10-15 08:00:00,5820.0,5885.0,5416.25999999,5695.0,6636.01120198,-0.0214776632302
628,2017-10-16 08:00:00,5693.30000002,5798.202002,5565.25000001,5755.00000004,3176.29935477,0.0108372999877
629,2017-10-17 08:00:00,5755.00575504,5775.52769984,5500.0,5611.0,4019.54859303,-0.0250226952273
630,2017-10-18 08:00:00,5581.88856768,5611.0,5089.0,5566.37595393,9015.79605625,-0.00277909771252
631,2017-10-19 08:00:00,5562.39,5733.0,5486.0,5708.0,3814.4963014,0.026177596321
632,2017-10-20 08:00:00,5706.0,6097.0,5592.0,6001.7999,6688.87113848,0.0518401507185
633,2017-10-21 08:00:00,6000.0,6189.0,5854.0,6002.0,4807.04703114,0.000333333333333
634,2017-10-22 08:00:00,6001.0,6074.0,5699.0,5988.0,5167.59807366,-0.00216630561573
635,2017-10-23 08:00:00,5987.9,6048.0,5650.00000001,5995.00000002,6088.72166636,0.00118572454784
636,2017-10-24 08:00:00,5998.0,6002.0,5410.36691866,5488.0,10243.8020315,-0.0850283427809
637,2017-10-25 08:00:00,5496.0,5749.989999,5310.0,5720.0,7237.94697712,0.0407569141194
638,2017-10-26 08:00:00,5705.0,5950.0,5669.5,5890.0,5603.72667597,0.0324276950044
639,2017-10-27 08:00:00,5883.0,5986.9,5648.0,5758.0,4046.05313591,-0.0212476627571
640,2017-10-28 08:00:00,5746.0,5888.0,5650.1,5739.99999998,2502.53631646,-0.00104420466759
641,2017-10-29 08:00:00,5730.99999998,6240.0,5669.0,6140.00000001,6262.63417332,0.0713662537134
642,2017-10-30 08:00:00,6143.0,6234.5,6002.0,6136.11,3907.98281484,-0.00112160182321
643,2017-10-31 08:00:00,6137.11,6460.0,6110.0,6447.08,4711.74596025,0.0505074864228
644,2017-11-01 08:00:00,6447.08,6732.7923337,6330.0000005,6720.0,5446.81647031,0.042332342704
645,2017-11-02 08:00:00,6720.1,7299.0,6399.57214132,7003.0,13356.7128843,0.0420975878335
646,2017-11-03 08:00:00,7003.0,7398.000001,6900.0,7143.38,7680.82903396,0.0200456947023
647,2017-11-04 08:00:00,7140.0,7485.0,6913.334,7344.00000001,5236.22291527,0.0285714285728
648,2017-11-05 08:00:00,7360.00000001,7600.0,7265.0,7391.0,3965.73468365,0.00421195652037
649,2017-11-06 08:00:00,7391.0,7431.0,6923.0,6927.5,6854.05985462,-0.0627114057638
650,2017-11-07 08:00:00,6927.5,7200.0,6925.0,7074.0,3692.08649128,0.0211476001444
651,2017-11-08 08:00:00,7074.0,7846.0,6700.0,7350.0,16149.8657724,0.039016115352
652,2017-11-09 08:00:00,7349.99990001,7420.0,7020.0,7089.0,5747.30949136,-0.0355101909606
653,2017-11-10 08:00:00,7098.00000001,7300.0,6300.382,6533.0,14330.246193,-0.0795998872935
654,2017-11-11 08:00:00,6533.0,6800.99999995,6122.00000001,6315.0,9860.64654429,-0.0333690494413
655,2017-11-12 08:00:00,6315.0,6600.0,5428.50576837,5850.0,24662.0391669,-0.0736342042755
656,2017-11-13 08:00:00,5850.00010003,6750.0,5750.0,6489.8,13170.4286001,0.109367502398
657,2017-11-14 08:00:00,6489.8,6695.00000003,6325.00000002,6580.30000001,5687.33111374,0.0139449597846
658,2017-11-15 08:00:00,6580.30000001,7300.0,6575.0,7250.0,9265.66716583,0.101773475372
659,2017-11-16 08:00:00,7250.0,7965.0,7003.08248101,7860.0,10894.5880698,0.0841379310345
660,2017-11-17 08:00:00,7867.9,7995.0,7453.1,7670.01,9380.70364408,-0.0251515652207
661,2017-11-18 08:00:00,7670.01,7880.0,7379.10000004,7790.0,4890.79920622,0.0156440474002
662,2017-11-19 08:00:00,7790.0,8138.795284,7649.449999,8065.0,4763.87979013,0.0353016688062
663,2017-11-20 08:00:00,8065.0,8329.99999999,7960.00000001,8239.0,5076.63188239,0.0215747055177
664,2017-11-21 08:00:00,8250.0,8399.0,7825.63944979,8100.00000001,8872.01434803,-0.0181818181806
665,2017-11-22 08:00:00,8100.00000001,8320.0,8091.26256899,8222.79292931,3124.53918705,0.0151596209012
666,2017-11-23 08:00:00,8225.0,8259.0,8001.0,8013.0,3933.741329,-0.0257750759878
667,2017-11-24 08:00:00,8001.0,8341.00000002,7887.0,8214.98,4476.22777354,0.0267441569804
668,2017-11-25 08:00:00,8186.0,8700.0,8150.0,8689.0,4667.1472197,0.0614463718544
669,2017-11-26 08:00:00,8700.0,9345.0,8665.0,9190.8889,7124.148938,0.0564240114943
670,2017-11-27 08:00:00,9190.8889,9701.00000001,9173.0,9700.0,8103.7491233,0.0553930207991
671,2017-11-28 08:00:00,9698.0,9936.0,9573.75409261,9885.0,5725.02726992,0.0192823262528
672,2017-11-29 08:00:00,9890.0,11276.5143506,8714.62172413,9726.1,24545.3303654,-0.0165722952477
673,2017-11-30 08:00:00,9745.97901596,10590.0,8855.0,9925.9,15174.3183112,0.0184610477557
674,2017-12-01 08:00:00,9912.39,10950.0,9358.0,10784.0,9420.00554149,0.0879313667037
675,2017-12-02 08:00:00,10784.0,11196.496666,10588.4747155,10902.0,6055.06982165,0.0109421364985
676,2017-12-03 08:00:00,10902.0,11850.0,10500.0,11205.0,10485.3848386,0.0277930654907
677,2017-12-04 08:00:00,11198.0000001,11589.0,10781.0,11589.0,5904.83925859,0.0349169494479
678,2017-12-05 08:00:00,11588.0,11850.0,11445.0,11631.0,4874.88595437,0.00371073524422
679,2017-12-06 08:00:00,11631.0,13639.046012,11631.0,13584.0,10993.6719181,0.167913335052
680,2017-12-07 08:00:00,13584.9,16493.0,13025.0,16488.0,17001.2993787,0.213700505709
681,2017-12-08 08:00:00,16460.024,16800.0,13719.0,15845.0667346,14961.0901622,-0.0373606542378
682,2017-12-09 08:00:00,15845.0667346,16210.0,12835.0,14700.0,10743.0096263,-0.0722664507364
683,2017-12-10 08:00:00,14698.9833405,15800.0,12665.12,14977.0,15131.9732829,0.018914006024
684,2017-12-11 08:00:00,14950.0,17430.0,14918.0243682,16588.0,9004.90947055,0.109565217391
685,2017-12-12 08:00:00,16587.0,16999.11,16166.0,16327.0799999,6445.31833859,-0.0156701031018
686,2017-12-13 08:00:00,16302.079999,16536.0,15118.875,16050.0,7603.54893484,-0.0154630574133
687,2017-12-14 08:00:00,16050.0,16548.0,15280.0,16393.9,5770.6106827,0.0214267912773
688,2017-12-15 08:00:00,16394.0,17996.0,16300.0,17528.730905,6360.87874878,0.0692162318531
689,2017-12-16 08:00:00,17461.001,19500.0,17221.0,19261.1000001,4887.51575713,0.103092543208
690,2017-12-17 08:00:00,19261.1000001,19850.0,18537.8662704,18917.0,6885.04833945,-0.0178650232899
691,2017-12-18 08:00:00,18917.0,19200.5373216,17777.0,18968.81,7740.70291977,0.00273880636465
692,2017-12-19 08:00:00,18968.81,19100.0,16587.0,17346.0,11274.1492067,-0.08555149216
693,2017-12-20 08:00:00,17346.0,17870.0,15500.0,16498.0,11451.6046717,-0.0488873515508
694,2017-12-21 08:00:00,16498.0,17400.0,14405.0,15300.0,10913.7055067,-0.072614862407
695,2017-12-22 08:00:00,15297.0,15600.0,11100.0,13300.0,33933.4881586,-0.130548473555
696,2017-12-23 08:00:00,13280.0,15000.0461,13001.0,13849.0,12809.5406322,0.0428463855422
697,2017-12-24 08:00:00,13849.0,13989.99,11700.0000009,13530.0,15766.4202469,-0.0230341540905
698,2017-12-25 08:00:00,13530.0,14331.0,12633.11,13690.0,6814.61692537,0.0118255727997
699,2017-12-26 08:00:00,13639.0,15974.0,13481.0100001,15738.0,7863.37359007,0.153896913263
700,2017-12-27 08:00:00,15707.1856213,16532.9433445,14355.0,15400.0,8505.15593063,-0.0195570122297
701,2017-12-28 08:00:00,15446.8,15503.196541,13275.0,14275.0,11141.9393682,-0.0758603723725
702,2017-12-29 08:00:00,14275.0,15100.0,13800.1400002,14303.868,6838.32976138,0.00202227670753
703,2017-12-30 08:00:00,14330.0,14389.0,11690.0,12350.0,12520.327672,-0.13817166783
704,2017-12-31 08:00:00,12350.0,14134.0,12120.0,13725.00004,5930.30270011,0.111336035629
705,2018-01-01 08:00:00,13726.0000001,13857.01,12778.2328499,13369.815,4697.84634815,-0.0259496575877
706,2018-01-02 08:00:00,13380.0,15400.0,12893.0,14704.25,6620.88588774,0.0989723467862
707,2018-01-03 08:00:00,14724.9,15475.0,14423.0,15100.0,5398.16527771,0.0254738572079
708,2018-01-04 08:00:00,15079.99,15370.0,14001.0,15199.0,8516.14297354,0.00789191504568
709,2018-01-05 08:00:00,15199.0,17152.989,14759.432,16930.0,8502.77147405,0.113889071649
710,2018-01-06 08:00:00,16925.0,17220.000003,16089.0,17130.0,4415.04758759,0.0121122599687
711,2018-01-07 08:00:00,17130.0,17169.0,15700.81,16180.0,3613.62321985,-0.0554582603619
712,2018-01-08 08:00:00,16180.0,16258.0,13360.0,14901.0,8688.71217437,-0.0790482076638
713,2018-01-09 08:00:00,14900.0,15405.0,14111.0,14458.0,5318.43983884,-0.0296644295315
714,2018-01-10 08:00:00,14458.0,14918.0,13280.51,14860.0,5614.79719221,0.0278046756135
715,2018-01-11 08:00:00,14860.0,14942.6588916,12550.0,13282.4827727,9578.97098877,-0.106158629024
716,2018-01-12 08:00:00,13282.4827727,14100.0,12750.0,13798.0,4334.56214076,0.0388118122283
717,2018-01-13 08:00:00,13797.0,14583.0,13745.0,14190.999,2787.49320703,0.028556860187
718,2018-01-14 08:00:00,14180.999,14413.0,12796.0,13545.1,4154.55622175,-0.0448416222299
719,2018-01-15 08:00:00,13545.1,14289.0,13280.0,13565.0,3248.76252702,0.00146916596998
720,2018-01-16 08:00:00,13565.0,13584.4578,9450.0,11017.172,18939.4802851,-0.18782366384
721,2018-01-17 08:00:00,11017.172,11660.0,9025.00000002,11035.7000001,17631.808692,0.00168173829454
722,2018-01-18 08:00:00,11035.7000001,11892.3950301,10460.0,11000.0,12404.2332056,-0.00323495564937
723,2018-01-19 08:00:00,11000.0,11778.655,10615.32,11364.7233648,7324.3930924,0.0331566695255
724,2018-01-20 08:00:00,11385.3,13094.0,11385.3,12729.9,6135.62956756,0.118099654818
725,2018-01-21 08:00:00,12729.9,12750.0,11000.0,11492.54,8588.53873711,-0.0972010777775
726,2018-01-22 08:00:00,11492.54,11900.0,10021.0,10788.0,8471.03625969,-0.0613041155393
727,2018-01-23 08:00:00,10788.0,11380.0,9918.0,10805.0,8105.61298876,0.00157582499073
728,2018-01-24 08:00:00,10839.0,11532.995,10480.0,11397.0769872,5614.96043249,0.0514878667045
729,2018-01-25 08:00:00,11397.0769872,11745.729,10911.2309985,11132.2,4404.89624507,-0.0232407824837
730,2018-01-26 08:00:00,11187.1,11626.4288703,10310.0,11062.4010171,6795.88337456,-0.0111466763415
731,2018-01-27 08:00:00,11090.0,11685.43935,10840.0,11500.0,4083.32869272,0.0369702434635
732,2018-01-28 08:00:00,11503.0,12221.13,11413.08,11868.0,4085.4783951,0.0317308528201
733,2018-01-29 08:00:00,11868.0,11972.07,11111.0,11297.74,3791.11613952,-0.0480502190782
734,2018-01-30 08:00:00,11252.0,11297.74,9806.117,10240.2309237,5993.57977169,-0.0899190433994
735,2018-01-31 08:00:00,10229.99,10394.0,9680.24810672,10256.0,3832.87309163,0.0025425244795
736,2018-02-01 08:00:00,10256.0,10329.8,8803.0,9248.12485599,7265.2344362,-0.0982717574113
737,2018-02-02 08:00:00,9231.84326197,9231.84326197,7900.0,8880.0,12031.1593169,-0.0381119189295
738,2018-02-03 08:00:00,8880.0,9504.729,8180.84,9225.316,5771.62444425,0.0388869369369
739,2018-02-04 08:00:00,9229.928658,9330.00000001,7902.002,8161.00001002,6781.92183809,-0.115811149532
740,2018-02-05 08:00:00,8180.01,8374.78725715,6652.88386045,6960.0,12325.0034351,-0.149145294443
741,2018-02-06 08:00:00,6968.07228915,7878.9,6001.0,7699.0,18833.4542571,0.104896688857
742,2018-02-07 08:00:00,7699.0,8520.0,7150.726749,7575.69999996,10470.2689025,-0.016015066897
743,2018-02-08 08:00:00,7588.99999999,8639.9076923,7588.99999999,8270.0,6999.03561367,0.0897351429715
744,2018-02-09 08:00:00,8268.4,8753.04740875,7765.0,8705.0,6007.14002532,0.0528034444391
745,2018-02-10 08:00:00,8689.0,9041.40405,8140.0,8540.0,6842.4350137,-0.0171481183105
746,2018-02-11 08:00:00,8540.00000001,8551.0,7815.73000001,8052.5,4819.85510126,-0.0570843091346
747,2018-02-12 08:00:00,8052.5,8980.0,8052.0,8913.48826283,4337.03012567,0.10692185816
748,2018-02-13 08:00:00,8913.48826283,8945.0,8359.0,8512.00000005,3382.11671751,-0.0450427768503
749,2018-02-14 08:00:00,8512.00000005,9487.6,8512.00000004,9450.0,4072.19201411,0.110197368415
750,2018-02-15 08:00:00,9450.0,10190.0,9330.0,10035.0,5343.13567805,0.061904761909
751,2018-02-16 08:00:00,10035.0,10287.0,9660.0,10152.0,3018.51905787,0.0116591928211
752,2018-02-17 08:00:00,10150.0,11098.0,10049.000002,11048.4,4079.41257877,0.0885123152709
753,2018-02-18 08:00:00,11049.0,11245.0,10081.0,10380.0000001,5746.00081324,-0.0605484659147
754,2018-02-19 08:00:00,10380.0000001,11238.2376082,10303.454439,11140.0,3690.96816973,0.0732177263876
755,2018-02-20 08:00:00,11159.999,11768.459711,11071.0,11182.0,4425.51399207,0.00197141594726
756,2018-02-21 08:00:00,11182.1,11285.0,10199.1,10444.0,6068.42113581,-0.0660072794922
757,2018-02-22 08:00:00,10444.0,10997.0,9709.18000001,9874.89999999,6395.37776254,-0.0544906166229
758,2018-02-23 08:00:00,9800.00000009,10435.0,9601.00000001,10140.0,4341.1668575,0.0346938775415
759,2018-02-24 08:00:00,10132.0,10516.0,9352.0,9699.5,4037.02632001,-0.0426865377023
760,2018-02-25 08:00:00,9699.5,9878.6,9261.9962367,9608.0,2251.46064219,-0.00943347595237
761,2018-02-26 08:00:00,9536.72008278,10450.02,9345.0,10300.0,3780.23119147,0.0800358939546
762,2018-02-27 08:00:00,10300.0,10874.0,10130.07,10605.0625,3708.36974522,0.0296177184466
763,2018-02-28 08:00:00,10600.5,11111.0,10267.8011024,10293.909319,3577.16465821,-0.0289222848922
764,2018-03-01 08:00:00,10300.0,11090.0,10239.2225906,10933.0,3406.6645803,0.0614563106796
765,2018-03-02 08:00:00,10942.0,11180.0,10771.0,11050.0,2950.73051208,0.00987022482179
766,2018-03-03 08:00:00,11086.999998,11581.4399999,11056.0,11471.55,2246.08226854,0.0346847661278
767,2018-03-04 08:00:00,11475.408,11522.0,11051.0,11520.0,1678.13424698,0.00388587490745
768,2018-03-05 08:00:00,11522.0,11714.05498,11385.0,11485.0,1933.70283478,-0.00321124804721
769,2018-03-06 08:00:00,11485.0,11486.8523743,10550.0,10731.0,3715.6853315,-0.0656508489334
770,2018-03-07 08:00:00,10731.0,10910.5,9405.0,9880.0,7173.42210054,-0.0793029540583
771,2018-03-08 08:00:00,9886.99999998,10100.0,9100.0,9241.06153789,4677.63785225,-0.065332098927
772,2018-03-09 08:00:00,9241.06153789,9397.97,8349.0,9240.0,8001.7710357,-0.000114871855971
773,2018-03-10 08:00:00,9245.0,9532.0,8694.0,8750.5,4409.59490024,-0.053488372093
774,2018-03-11 08:00:00,8750.5,9710.0,8454.2384578,9554.999999,4793.67844648,0.0919376034512
775,2018-03-12 08:00:00,9554.999999,9938.00000001,8800.5,9100.0,5194.05393257,-0.0476190475194
776,2018-03-13 08:00:00,9150.38699996,9448.00000001,8844.432,9135.05000002,3652.7101106,-0.00167610396588
777,2018-03-14 08:00:00,9135.05000002,9332.0,7930.0,8177.64017685,5988.33123615,-0.104806194073
778,2018-03-15 08:00:00,8177.64017685,8410.59499999,7666.0,8292.86172782,6139.80532542,0.0140898289089
779,2018-03-16 08:00:00,8220.46602816,8600.0,7913.0,8275.00000012,4522.39158411,0.00663392705148
780,2018-03-17 08:00:00,8275.00000012,8364.153,7716.98000001,7857.0,3322.29318727,-0.0505135951799
781,2018-03-18 08:00:00,7856.69999999,8299.0,7330.0,8200.0,7309.12678487,0.0436951900939
782,2018-03-19 08:00:00,8199.99999999,8750.0,8087.0,8601.0,5624.31384623,0.0489024390257
783,2018-03-20 08:00:00,8601.0,9030.0,8300.1,8903.0,4754.73559516,0.0351121962562
784,2018-03-21 08:00:00,8890.0,9180.0,8722.0,8894.99999989,3879.95101872,0.000562429683915
785,2018-03-22 08:00:00,8894.99999989,9099.99999999,8470.23,8725.0,4099.49694223,-0.0191118605837
786,2018-03-23 08:00:00,8725.0,8900.0,8300.55787285,8900.0,2935.20143184,0.0200573065903
787,2018-03-24 08:00:00,8900.0,8999.0,8506.0,8514.47,2920.0418208,-0.0433179775281
788,2018-03-25 08:00:00,8537.53901,8675.134,8375.1,8465.0,2257.09682554,-0.0084964777221
789,2018-03-26 08:00:00,8464.0,8510.61299999,7850.0,8155.432117,3655.81004636,-0.0364565079159
790,2018-03-27 08:00:00,8155.432117,8213.99899999,7729.0,7770.95990024,2864.98356051,-0.0471430834374
791,2018-03-28 08:00:00,7771.05990024,8100.0,7731.0,7950.0,2150.71515518,0.0230264728437
792,2018-03-29 08:00:00,7950.0,7968.009,6910.3,7084.00000002,5947.42564694,-0.108930817608
793,2018-03-30 08:00:00,7084.0,7289.29999999,6602.0,6815.00000001,6202.46482192,-0.0379728966671
794,2018-03-31 08:00:00,6850.5,7198.0,6784.1050732,6911.00000001,3164.9946736,0.00883147215678
795,2018-04-01 08:00:00,6911.00000004,7032.3455,6434.0,6810.0,3609.17193698,-0.0146143828736
796,2018-04-02 08:00:00,6796.50000001,7122.47999999,6754.86695339,7067.99999999,2568.98735825,0.0399470315574
797,2018-04-03 08:00:00,7050.0,7500.0,7002.0,7400.00000005,3458.07673066,0.049645390078
798,2018-04-04 08:00:00,7400.00000005,7450.5,6677.13,6767.07700005,4198.55177224,-0.0855301351346
799,2018-04-05 08:00:00,6803.46103325,6900.0,6568.79,6780.87391003,3724.02496301,-0.00331994599655
800,2018-04-06 08:00:00,6780.87391003,6830.499285,6506.0,6597.39999999,2179.43402946,-0.0270575610864
801,2018-04-07 08:00:00,6600.427,7070.0,6571.00100012,6870.0,3490.16321516,0.0408417516018
802,2018-04-08 08:00:00,6880.0,7120.48162999,6870.00000004,7004.40400004,1782.96835423,0.01808197675
803,2018-04-09 08:00:00,7023.0,7176.9,6622.4,6769.002,3150.60002031,-0.036166595472
804,2018-04-10 08:00:00,6769.001,6890.0,6654.992225,6840.0,1903.21751174,0.0104888446611
805,2018-04-11 08:00:00,6840.0,6986.69,6789.0,6973.99999998,2002.73885387,0.0195906432719
806,2018-04-12 08:00:00,6948.29368937,7995.0,6732.49500001,7914.9999,8415.05580243,0.139128576575
807,2018-04-13 08:00:00,7914.9999,8212.0,7750.0,7880.0,4734.11287543,-0.00442197099712
808,2018-04-14 08:00:00,7860.40246199,8179.16688888,7809.871,8004.99,2298.20125434,0.0183944192055
809,2018-04-15 08:00:00,8004.99,8421.0,8003.56,8359.16,2500.21733135,0.0442436530214
810,2018-04-16 08:00:00,8359.16,8413.98999998,7881.0,8068.75522425,3213.59475332,-0.0347409040801
811,2018-04-17 08:00:00,8063.0,8180.0,7825.0,7897.8605212,2663.737638,-0.0204811458266
812,2018-04-18 08:00:00,7897.8605212,8240.83512341,7870.00005,8170.0,2312.69876332,0.0344573670388
813,2018-04-19 08:00:00,8177.99999999,8309.99999993,8073.953,8267.0,2406.57055936,0.0108828564454
814,2018-04-20 08:00:00,8284.98,8931.48726903,8186.321,8851.0,3601.51350195,0.068318813081
815,2018-04-21 08:00:00,8851.0,9005.0,8590.00000002,8926.50216909,3342.38715925,0.00853035465936
816,2018-04-22 08:00:00,8887.725,9026.00000002,8751.0,8805.00000001,2238.8804081,-0.00930778123648
817,2018-04-23 08:00:00,8805.00000001,8996.0,8774.2369008,8935.0,1410.07944294,0.0147643384429
818,2018-04-24 08:00:00,8934.99999999,9738.06292343,8897.051,9635.00000001,3563.81006803,0.0783435926156
819,2018-04-25 08:00:00,9650.87047135,9777.0,8744.0,8870.0,6761.75521998,-0.080911921227
820,2018-04-26 08:00:00,8865.0,9302.9302,8646.16940001,9284.99999997,3627.66380201,0.0473773265618
821,2018-04-27 08:00:00,9284.99999997,9377.0,8920.0,8940.0,2857.36055066,-0.0371567043588
822,2018-04-28 08:00:00,8940.0,9446.0,8888.8888,9350.00000003,2343.91708372,0.0458612975425
823,2018-04-29 08:00:00,9351.00000005,9570.0,9188.0,9400.00000002,1791.02430062,0.00524008127149
824,2018-04-30 08:00:00,9400.00000002,9456.78,9130.0,9235.0,1551.94148694,-0.0175531914915
825,2018-05-01 08:00:00,9254.0,9254.0,8829.00000001,9082.50414318,2658.4514288,-0.0185320787573
826,2018-05-02 08:00:00,9082.50414318,9284.1129926,8992.0,9231.99999995,1354.37713189,0.016459762023
827,2018-05-03 08:00:00,9231.99999995,9824.63586355,9165.0,9750.383,2528.65696779,0.0561506715828
828,2018-05-04 08:00:00,9754.0,9825.0,9544.0,9711.00000001,1486.028418,-0.00440844781526
829,2018-05-05 08:00:00,9711.00000001,9980.0,9700.0,9851.12,1601.1006668,0.0144289980424
830,2018-05-06 08:00:00,9851.12,9980.0,9409.0,9619.05000008,1958.29856678,-0.0235577274381
831,2018-05-07 08:00:00,9639.05000008,9670.0,9205.0,9364.0,1971.06395044,-0.0285349697406
832,2018-05-08 08:00:00,9364.0,9469.4,9038.0,9199.99,1757.22598041,-0.0175149508757
833,2018-05-09 08:00:00,9199.99,9380.0,8950.00000001,9326.1,1405.53767229,0.0137076235952
834,2018-05-10 08:00:00,9326.1,9398.257,8968.60000001,9000.21000004,1874.41505275,-0.0349438672071
835,2018-05-11 08:00:00,9000.21000004,9029.0,8353.0,8390.0,4733.36162207,-0.0677995291262
836,2018-05-12 08:00:00,8435.85599992,8649.33300003,8177.0,8472.80000001,3035.86374834,0.0043794014609
837,2018-05-13 08:00:00,8472.80000001,8743.0,8323.1,8659.19674219,1437.96026471,0.021999426657
838,2018-05-14 08:00:00,8672.4638988,8880.0,8265.0,8617.001,2160.90801247,-0.00639528736553
839,2018-05-15 08:00:00,8677.00000001,8849.99,8389.0,8425.00000004,1823.22508662,-0.0290422957208
840,2018-05-16 08:00:00,8480.74,8496.8,8094.6972,8320.0,2058.83637463,-0.0189535347151
841,2018-05-17 08:00:00,8330.0,8475.0,7957.75176895,8014.89253377,1574.88280214,-0.0378280271585
842,2018-05-18 08:00:00,8020.39560469,8280.0,7917.0,8187.40000018,1541.34016928,0.0208224635942
843,2018-05-19 08:00:00,8187.40000042,8400.0,8130.0,8224.99999997,1128.67946021,0.00459242244767
844,2018-05-20 08:00:00,8190.0,8619.99999999,8150.09550001,8496.22440753,1165.03023262,0.0373900375495
845,2018-05-21 08:00:00,8521.0,8586.0,8317.0,8395.465,1058.08931193,-0.0147324257716
846,2018-05-22 08:00:00,8370.3,8424.0,7960.0,7978.0,1245.64323726,-0.0468680931388
847,2018-05-23 08:00:00,7978.0,8025.0,7444.0000001,7511.2,2990.63180208,-0.0585109049887
848,2018-05-24 08:00:00,7511.2,7750.0,7270.0,7588.0,1968.34450172,0.0102247310683
849,2018-05-25 08:00:00,7588.0,7654.04379214,7350.1,7471.94649,1176.10015725,-0.0152943476542
850,2018-05-26 08:00:00,7471.94649,7612.64023414,7300.0,7330.0,863.56686681,-0.0189972572997
851,2018-05-27 08:00:00,7337.01099999,7395.53,7224.0,7375.24999976,600.56854984,0.00521179534419
852,2018-05-28 08:00:00,7375.37,7415.92,7066.0,7083.0,1359.98241805,-0.0396414010416
853,2018-05-29 08:00:00,7083.0,7546.4252179,7050.0,7450.0,1560.94201372,0.0518142030213
854,2018-05-30 08:00:00,7457.0,7567.99999999,7255.0,7416.99999814,1059.85585977,-0.00536408768406
855,2018-05-31 08:00:00,7416.99999805,7619.54218785,7318.0,7500.0,1079.77393739,0.0111905085576
856,2018-06-01 08:00:00,7500.0,7619.701,7350.0,7530.0,823.60781493,0.004
857,2018-06-02 08:00:00,7534.01,7710.99999989,7450.0,7650.0,746.22731666,0.015395519783
858,2018-06-03 08:00:00,7651.56792074,7770.0,7572.66000001,7692.3,625.2311126,0.00532336374478
859,2018-06-04 08:00:00,7692.30000001,7750.0,7437.24,7508.9673839,1148.92541858,-0.0238332639275
860,2018-06-05 08:00:00,7508.86,7700.0,7331.85,7612.02,1076.5718456,0.0137384369931
861,2018-06-06 08:00:00,7611.84,7686.00000099,7450.47,7647.875,715.4901462,0.00473407218228
862,2018-06-07 08:00:00,7648.0,7760.74999999,7620.0,7679.35,545.67066854,0.00409911087866
863,2018-06-08 08:00:00,7679.35,7719.54,7534.1,7636.0,605.01810227,-0.00564500901769
864,2018-06-09 08:00:00,7635.99599999,7700.0,7455.0,7515.0,307.44982784,-0.015845477131
865,2018-06-10 08:00:00,7485.00000001,7511.02899997,6628.0,6763.79,2812.47853841,-0.0963540414174
866,2018-06-11 08:00:00,6763.79,6901.66,6610.0,6877.33,1065.65055809,0.016786446652
867,2018-06-12 08:00:00,6887.0,6887.0,6439.61600001,6541.72090155,1368.20166679,-0.0501349061202
868,2018-06-13 08:00:00,6547.41,6600.0,6123.0,6294.90000099,2268.30562469,-0.038566394805
869,2018-06-14 08:00:00,6294.01922328,6718.999999,6250.001,6626.0,1768.11192764,0.0527454341881
870,2018-06-15 08:00:00,6630.0,6660.0,6327.71823916,6391.31,844.83869099,-0.0360015082956
871,2018-06-16 08:00:00,6380.0,6537.77,6286.797,6490.0,654.55784603,0.0172413793103
872,2018-06-17 08:00:00,6490.0,6570.80789282,6414.411,6417.0,526.67310259,-0.0112480739599
873,2018-06-18 08:00:00,6417.00000001,6792.39759337,6376.6,6693.0,1043.7826786,0.0430107526865
874,2018-06-19 08:00:00,6693.0,6840.0,6639.642,6732.85000002,845.98773705,0.00595398177499
875,2018-06-20 08:00:00,6734.695,6804.15752323,6540.0,6765.151,1652.70306732,0.00452225379175
876,2018-06-21 08:00:00,6765.39,6798.77,6675.00000003,6701.0,643.2243084,-0.00951755922423
877,2018-06-22 08:00:00,6706.91,6729.99999464,5905.00000001,6049.0,2534.50412431,-0.0980943534355
878,2018-06-23 08:00:00,6050.0,6240.0,6010.0,6174.98293995,882.66894329,0.0206583371818
879,2018-06-24 08:00:00,6174.98293999,6284.25364556,5737.0,6152.00000001,2106.74484539,-0.00372194388282
880,2018-06-25 08:00:00,6152.0,6350.0,6055.77725089,6233.96999895,1283.34180646,0.013324122066
881,2018-06-26 08:00:00,6233.96999895,6277.41899999,6013.468,6055.00000001,1118.90762449,-0.0287088322482
882,2018-06-27 08:00:00,6055.0,6182.60213086,5975.0,6129.7,783.75220068,0.0123369116433
883,2018-06-28 08:00:00,6129.7,6174.461999,5820.0,5867.13,1006.48366551,-0.0428357015841
884,2018-06-29 08:00:00,5867.13,6288.0,5800.0,6200.0,1314.82008573,0.0567347237917
885,2018-06-30 08:00:00,6200.0,6515.0,6172.69000032,6403.18307431,1204.7339147,0.0327714635984
886,2018-07-01 08:00:00,6413.26,6436.9,6238.51,6371.3,717.09081397,-0.00654269435513
887,2018-07-02 08:00:00,6369.3,6671.69574877,6265.0,6601.26,1850.09285753,0.0364184447271
888,2018-07-03 08:00:00,6601.26,6674.81,6450.00000001,6524.62064473,1327.19008,-0.011609807108
889,2018-07-04 08:00:00,6527.33579988,6800.00000099,6400.0,6600.0,1288.82575864,0.0111322907765
890,2018-07-05 08:00:00,6598.33,6716.9989984,6450.0,6525.67,1071.81022868,-0.0110118772477
891,2018-07-06 08:00:00,6525.67,6650.0,6448.0,6624.0,782.9676975,0.0150681845696
892,2018-07-07 08:00:00,6624.0,6830.24999999,6510.0,6776.8888,434.80834812,0.0230810386473
893,2018-07-08 08:00:00,6775.53342153,6800.0,6680.0,6706.6581,726.12080398,-0.0101652987662
894,2018-07-09 08:00:00,6700.00000005,6800.0,6609.5833094,6678.13,726.35657093,-0.00326417911192
895,2018-07-10 08:00:00,6678.13,6693.81157423,6277.0,6301.0,1582.00949846,-0.0564723957156
896,2018-07-11 08:00:00,6322.87999985,6419.79999999,6238.88,6368.99,758.99265024,0.00729256290663
897,2018-07-12 08:00:00,6368.99,6381.82055259,6071.49800301,6240.0,1037.23925963,-0.0202528187358
898,2018-07-13 08:00:00,6237.28533853,6328.92,6101.0,6210.0,551.45198105,-0.00437455351953
899,2018-07-14 08:00:00,6210.0,6314.28,6157.97557088,6268.89,316.96693201,0.00948309178744
900,2018-07-15 08:00:00,6268.89,6399.0,6216.22,6360.0,618.90651653,0.0145336734254
901,2018-07-16 08:00:00,6360.0,6735.75,6330.0,6718.01,1338.30067915,0.0562908805031
902,2018-07-17 08:00:00,6718.01,7447.89999999,6646.13000001,7304.79999978,2529.94606366,0.0873458062402
903,2018-07-18 08:00:00,7306.64999999,7593.15425883,7215.0,7360.0,1944.84339776,0.00730156775131
904,2018-07-19 08:00:00,7360.0,7544.0,7261.7,7475.0,1295.97810188,0.015625
905,2018-07-20 08:00:00,7478.0,7678.13,7282.0,7322.19,1524.45803992,-0.0208357849692
906,2018-07-21 08:00:00,7324.99,7461.0049194,7189.0,7417.0,721.13696705,0.0125611092984
907,2018-07-22 08:00:00,7416.79999999,7579.59694946,7343.62,7400.0,756.8585394,-0.00226512781658
908,2018-07-23 08:00:00,7395.97162043,7800.0,7378.52046855,7722.0,1514.56663964,0.0440818862351
909,2018-07-24 08:00:00,7722.0,8490.0,7685.0000077,8409.0,2156.01072762,0.0889665889666
910,2018-07-25 08:00:00,8409.0,8497.99999999,8034.88201152,8170.0,1711.07289753,-0.0284219288857
911,2018-07-26 08:00:00,8190.22016598,8328.0,7831.0,7933.0,1522.41557442,-0.0314057694137
912,2018-07-27 08:00:00,7954.79999999,8286.99999999,7811.0,8189.0,1274.24669941,0.0294413435926
913,2018-07-28 08:00:00,8189.0,8241.19999999,8073.0,8230.0,568.18663185,0.00500671632678
914,2018-07-29 08:00:00,8230.0,8286.22075,8125.0,8220.0,534.13814514,-0.00121506682868
915,2018-07-30 08:00:00,8214.8564651,8279.99999999,7866.60000001,8171.83944011,1355.89561166,-0.00523649137057
916,2018-07-31 08:00:00,8195.97875705,8199.36,7650.0,7725.8036916,1748.00259673,-0.0573665549152
917,2018-08-01 08:00:00,7736.9055,7769.86636538,7425.00000001,7599.0,1244.51300152,-0.0178243743574
918,2018-08-02 08:00:00,7607.5128,7700.0,7459.6,7546.1403,923.12054606,-0.00806735415549
919,2018-08-03 08:00:00,7550.57539999,7557.33,7289.0,7404.7735,1298.46289055,-0.0193100382774
920,2018-08-04 08:00:00,7404.7735,7490.0,6934.0,6986.50000005,1178.90470681,-0.0564870080023
921,2018-08-05 08:00:00,7014.0,7095.0,6886.0,7040.0,750.93194742,0.00370687197035
922,2018-08-06 08:00:00,7026.3,7160.96721769,6851.0,6917.44500001,751.33308455,-0.0154925067233
923,2018-08-07 08:00:00,6922.5193,7156.99999999,6650.0,6735.01803782,1285.9869683,-0.0270856972808
924,2018-08-08 08:00:00,6711.0,6728.86434243,6130.0,6285.0,2228.40271527,-0.0634778721502
925,2018-08-09 08:00:00,6282.24,6633.99999999,6166.67593375,6541.29999993,1361.44907058,0.0412368836482
926,2018-08-10 08:00:00,6541.29999993,6573.59999999,6025.0,6150.0,1566.61942999,-0.0598199134628
927,2018-08-11 08:00:00,6164.44938899,6486.53514767,5999.99999,6203.70000001,1363.71056861,0.00636725334952
928,2018-08-12 08:00:00,6203.70000003,6453.99999999,6158.72,6313.68,631.3079224,0.017728129982
929,2018-08-13 08:00:00,6310.0,6532.85009867,6147.9,6249.00000002,1046.21725397,-0.00966719492552
930,2018-08-14 08:00:00,6258.72,6267.07,5878.88900001,6193.41,2258.15096276,-0.0104350410308
931,2018-08-15 08:00:00,6199.988,6611.51309999,6160.0,6252.07126447,1892.99763805,0.00840054278653
932,2018-08-16 08:00:00,6279.99999999,6476.80999999,6207.0,6305.3884,800.82393758,0.0040427388551
933,2018-08-17 08:00:00,6305.3884,6598.63,6290.0,6598.63,1080.32581472,0.0465065086236
934,2018-08-18 08:00:00,6589.0,6630.17077712,6290.62876156,6377.9905,972.92471867,-0.0320245105479
935,2018-08-19 08:00:00,6377.9905,6543.67441902,6300.0006,6485.6,455.76494262,0.0168720069433
936,2018-08-20 08:00:00,6485.6,6515.0,6231.0,6262.01,650.9938741,-0.034474836561
937,2018-08-21 08:00:00,6265.0,6486.36065906,6247.0,6476.06,564.0273433,0.0336887470072
938,2018-08-22 08:00:00,6477.43,6871.5,6254.00000001,6336.49227807,2031.18992834,-0.0217582778864
939,2018-08-23 08:00:00,6370.59275518,6563.69832165,6336.49227807,6522.8,605.6974767,0.023892163676
940,2018-08-24 08:00:00,6522.8,6725.0,6453.0,6680.73,554.19445925,0.0242119948488
941,2018-08-25 08:00:00,6680.73,6790.0,6650.56698751,6742.36499995,692.03147584,0.00922578819231
942,2018-08-26 08:00:00,6742.36499995,6779.99999999,6555.0,6710.71,459.31482296,-0.00469494012119
943,2018-08-27 08:00:00,6713.42,6941.34363186,6650.0,6900.0,702.31306838,0.0277920940445
944,2018-08-28 08:00:00,6903.45,7134.6375,6860.04844515,7078.0,1124.84054137,0.0252844592197
945,2018-08-29 08:00:00,7078.0,7124.0,6900.0,7030.0,887.08395143,-0.00678157671659
946,2018-08-30 08:00:00,7030.0,7050.0,6787.0,6989.97,902.36937687,-0.00569416785206
947,2018-08-31 08:00:00,6989.97,7080.0,6880.52,7027.0,731.6421281,0.00529759069066
948,2018-09-01 08:00:00,7027.0,7271.38394668,7015.54000259,7190.0,1030.19275631,0.0231962430625
949,2018-09-02 08:00:00,7187.5,7343.32721421,7116.49789793,7286.76,880.41584365,0.0138100869565
950,2018-09-03 08:00:00,7298.9969,7331.0,7180.00000001,7260.0,672.06796132,-0.00534277525176
951,2018-09-04 08:00:00,7260.0,7416.18774732,7226.0,7379.85999999,628.6016968,0.0165096418719
952,2018-09-05 08:00:00,7365.00000001,7412.99999999,6689.19100007,6689.19100007,1774.05303989,-0.0917595383488
953,2018-09-06 08:00:00,6703.0,6741.35859656,6300.0,6515.55,1914.88633912,-0.0279650902581
954,2018-09-07 08:00:00,6515.55,6549.79119981,6300.0,6387.24862368,676.14369842,-0.0196915649976
955,2018-09-08 08:00:00,6387.24862368,6485.0,6124.78368383,6186.57,706.98246837,-0.0314186335155
956,2018-09-09 08:00:00,6186.57,6458.93949999,6144.0,6237.5,495.12114686,0.00823234845803
957,2018-09-10 08:00:00,6237.5,6365.9,6201.0,6323.0,496.20035804,0.0137074148297
958,2018-09-11 08:00:00,6323.0,6410.0,6150.52564836,6280.82778415,718.74663376,-0.00666965298909
959,2018-09-12 08:00:00,6305.80420726,6350.20872347,6200.0,6349.99999999,491.17918522,0.00700874801649
960,2018-09-13 08:00:00,6325.0,6530.1,6325.0,6475.0,966.05038931,0.0237154150198
961,2018-09-14 08:00:00,6475.00000003,6590.0,6389.51,6490.699999,537.88537485,0.00242471026563
962,2018-09-15 08:00:00,6490.699999,6573.0,6456.48857172,6505.64580354,278.83953993,0.00230264910446
963,2018-09-16 08:00:00,6512.0,6535.44671933,6360.0,6505.0,242.29072321,-0.00107493857494
964,2018-09-17 08:00:00,6500.0,6544.0,6211.0,6249.80000002,710.60938463,-0.0384923076892
965,2018-09-18 08:00:00,6249.80000002,6399.99999999,6210.0,6323.0000011,537.45653707,0.0117123749688
966,2018-09-19 08:00:00,6323.00000102,6533.96007964,6131.0,6393.92,617.26864415,0.0112161946811
967,2018-09-20 08:00:00,6393.92,6550.0,6330.27925814,6491.34560349,506.72838878,0.0152372259099
968,2018-09-21 08:00:00,6502.07,6780.774,6481.299,6766.999,1320.09589376,0.0407453318712
969,2018-09-22 08:00:00,6756.0,6831.57,6617.0,6728.34,621.1104689,-0.00409413854352
970,2018-09-23 08:00:00,6728.34,6799.0,6652.71500739,6695.89379369,391.92985902,-0.00482231966726
971,2018-09-24 08:00:00,6694.60003712,6734.0,6550.0,6583.00000002,594.4334794,-0.0166701575122
972,2018-09-25 08:00:00,6597.99999999,6597.99999999,6338.89296563,6442.0,899.79643403,-0.0236435283404
973,2018-09-26 08:00:00,6442.0,6565.39999993,6385.01215881,6474.0,625.88396692,0.00496740142813
974,2018-09-27 08:00:00,6464.93181509,6740.0,6440.57052123,6666.59000011,838.52682174,0.0311926236483
975,2018-09-28 08:00:00,6680.0,6799.0,6535.00000003,6640.0,891.08576685,-0.0059880239521
976,2018-09-29 08:00:00,6654.99999922,6654.99999922,6473.23557431,6580.60000002,385.35485122,-0.0111795641185
977,2018-09-30 08:00:00,6619.99999993,6672.22,6532.59999982,6631.21249999,369.7397528,0.00169373112691
978,2018-10-01 08:00:00,6631.21249999,6668.0,6516.01829039,6626.99999988,374.48813737,-0.000635253373347
979,2018-10-02 08:00:00,6626.99999998,6641.99999999,6473.23557431,6540.34,464.49537012,-0.0130768069987
980,2018-10-03 08:00:00,6548.99999999,6565.99999863,6440.0,6515.0,498.77702735,-0.00519163230876
981,2018-10-04 08:00:00,6530.04999972,6648.99999998,6495.00000034,6609.99999992,305.63898944,0.0122433978612
982,2018-10-05 08:00:00,6609.99999989,6692.4495,6553.344,6635.0,281.64252995,0.00378214827692
983,2018-10-06 08:00:00,6635.0,6652.0,6557.8800001,6613.054965,175.88278817,-0.00330746571213
984,2018-10-07 08:00:00,6613.054965,6640.088,6530.0,6590.60000001,217.4366743,-0.00339555093808
985,2018-10-08 08:00:00,6627.0,6762.69163291,6570.0,6662.25,363.07251811,0.00531914893617
986,2018-10-09 08:00:00,6689.99999995,6689.99999995,6600.0,6673.32,186.75454852,-0.00249327353515
987,2018-10-10 08:00:00,6645.0,6681.69003805,6529.0,6634.90999984,366.24688344,-0.00151843493755
988,2018-10-11 08:00:00,6621.0,6621.00000002,6205.01,6245.63000006,1484.92095522,-0.0566938528833
989,2018-10-12 08:00:00,6277.77984523,6359.99999999,6208.02310199,6290.0,434.50316136,0.00194657268513
990,2018-10-13 08:00:00,6295.0,6339.31019993,6285.2866,6327.0,200.29048402,0.00508339952343
991,2018-10-14 08:00:00,6308.8485,6404.432,6303.00000004,6316.83117001,656.92609681,0.0012653133151
992,2018-10-15 08:00:00,6336.99999999,7607.26976661,6300.0,6750.0,3683.21207669,0.0651727946995
993,2018-10-16 08:00:00,6750.00000001,6892.99999999,6677.124315,6761.0,475.96499527,0.00162962962815
994,2018-10-17 08:00:00,6761.0,6797.99999999,6679.0,6725.0,208.9208734,-0.00532465611596
995,2018-10-18 08:00:00,6725.0,6785.0,6577.0,6616.02,530.60143176,-0.016205204461
996,2018-10-19 08:00:00,6616.02,6649.0,6521.0,6530.74,282.24878323,-0.0128899247584
997,2018-10-20 08:00:00,6530.739215,6623.97874921,6509.85690002,6585.0,123.61176844,0.00830852116639
998,2018-10-21 08:00:00,6599.99999999,6665.0,6580.00000001,6599.99,124.54120627,-1.51515000005e-06
999,2018-10-22 08:00:00,6593.35461949,6644.77144028,6554.39124458,6581.0,243.68530396,-0.0018737987266
1000,2018-10-23 08:00:00,6581.0,6605.31600017,6522.0,6560.0,208.16822162,-0.00319100440663
1001,2018-10-24 08:00:00,6560.0,6633.55600072,6542.00000001,6552.61,320.04989433,-0.00112652439024
1002,2018-10-25 08:00:00,6574.99999998,6594.9999999,6506.80224898,6540.0,180.94549766,-0.00532319391332
1003,2018-10-26 08:00:00,6540.00000001,6600.0,6516.40012944,6526.0,172.34352532,-0.0021406727844
1004,2018-10-27 08:00:00,6526.0,6566.99999999,6463.41517997,6509.49,146.05172251,-0.00252988047809
1005,2018-10-28 08:00:00,6507.49,6530.0,6466.0,6487.1,78.06078281,-0.00313331253678
1006,2018-10-29 08:00:00,6489.00000001,6519.99999999,6317.0,6350.50999796,397.23635856,-0.0213422718523
1007,2018-10-30 08:00:00,6350.50999796,6396.87525004,6310.0,6337.0,273.05994818,-0.00212738787347
1008,2018-10-31 08:00:00,6328.0,6418.00007777,6254.99999753,6372.99999983,322.70376389,0.00711125155341
1009,2018-11-01 08:00:00,6355.0,6440.5,6353.00000001,6410.0,196.13002501,0.00865460267506
1010,2018-11-02 08:00:00,6410.0,6459.71034538,6390.1,6440.00000001,134.7020159,0.00468018720905
1011,2018-11-03 08:00:00,6440.00000001,6446.99999996,6320.09,6393.9,99.32751456,-0.00715838509471
1012,2018-11-04 08:00:00,6393.9,6515.08651997,6347.73000002,6480.0,151.97488323,0.0134659597429
1013,2018-11-05 08:00:00,6480.0,6497.99999998,6438.0,6470.78,122.78892988,-0.00142283950617
1014,2018-11-06 08:00:00,6478.99999999,6529.9875,6450.0,6515.0,385.51058014,0.00555641302825
1015,2018-11-07 08:00:00,6515.0,6615.0,6512.0,6579.5252442,315.66862879,0.00990410501919
1016,2018-11-08 08:00:00,6579.5252442,6589.76483141,6471.8382,6481.89910541,178.7857352,-0.0148378697804
1017,2018-11-09 08:00:00,6481.89910541,6515.0,6394.60224852,6419.58870806,252.27218994,-0.00961298476522
1018,2018-11-10 08:00:00,6418.985,6477.83718011,6418.985,6445.06200183,130.42520956,0.00406248056819
1019,2018-11-11 08:00:00,6439.65390407,6462.25999692,6356.0,6460.0,161.59441931,0.00315950146283
1020,2018-11-12 08:00:00,6460.0,6486.0,6424.19662984,6449.76582203,113.68375843,-0.00158423807585
1021,2018-11-13 08:00:00,6449.76582203,6503.66665337,6386.24610573,6468.63999999,354.7194463,0.00292633538656
1022,2018-11-14 08:00:00,6464.04,6481.53994525,5673.80004378,5913.9225,2023.23752139,-0.085104284627
1023,2018-11-15 08:00:00,5920.0,5935.84407821,5414.18204786,5730.98842207,1345.8344309,-0.0319276314071
1024,2018-11-16 08:00:00,5739.1,5774.82345448,5530.0,5661.24414782,467.80244146,-0.0135658643655
1025,2018-11-17 08:00:00,5644.84855974,5653.43395199,5570.0,5626.91,291.23619008,-0.00317786377263
1026,2018-11-18 08:00:00,5626.91,5749.01586865,5601.61742212,5659.27601835,231.15206013,0.00575200569229
1027,2018-11-19 08:00:00,5661.93958971,5661.93958971,4865.0,4926.97,3398.33058224,-0.129808801042
1028,2018-11-20 08:00:00,4925.0,5057.24074309,4300.0,4568.24866664,4233.2130656,-0.0724368189563
1029,2018-11-21 08:00:00,4581.44604947,4779.0,4405.00000001,4661.20117357,893.03018728,0.0174082862133
1030,2018-11-22 08:00:00,4663.93895827,4720.0,4333.00000001,4355.0,684.99373057,-0.066239923171
1031,2018-11-23 08:00:00,4356.81941463,4494.13350199,4220.56766555,4417.0,1086.73692331,0.0138129629995
1032,2018-11-24 08:00:00,4425.15768701,4526.48404134,3830.0,3938.5748,1296.30720305,-0.109958315935
1033,2018-11-25 08:00:00,3937.0,4234.79999999,3655.78837814,4093.09700628,2207.57052408,0.0396487188926
1034,2018-11-26 08:00:00,4093.09700628,4202.0,3690.0,3868.64995918,1752.33595622,-0.054835506404
1035,2018-11-27 08:00:00,3854.34731954,3941.50197834,3690.0,3887.11091954,1042.3374426,0.00850042751308
1036,2018-11-28 08:00:00,3879.91639371,4235.22842345,3852.77265251,4210.0,1154.70372763,0.0850749276003
